filename,width,height,class,xmin,ymin,xmax,ymax
bc8nf.png,200,50,b,29,10,52,46
bc8nf.png,200,50,c,52,19,72,44
bc8nf.png,200,50,8,73,13,95,46
bc8nf.png,200,50,n,96,18,117,45
bc8nf.png,200,50,f,117,9,140,45
dbny3.png,200,50,d,28,9,51,44
dbny3.png,200,50,b,51,11,73,45
dbny3.png,200,50,n,73,16,96,46
dbny3.png,200,50,y,94,14,117,50
dbny3.png,200,50,3,120,10,140,45
63pxe.png,200,50,6,28,10,51,44
63pxe.png,200,50,3,51,12,70,45
63pxe.png,200,50,p,70,18,95,50
63pxe.png,200,50,x,93,17,116,48
63pxe.png,200,50,e,114,18,138,44
6pfy4.png,200,50,6,29,10,52,42
6pfy4.png,200,50,p,52,19,75,50
6pfy4.png,200,50,f,76,9,98,49
6pfy4.png,200,50,y,96,17,117,50
6pfy4.png,200,50,4,119,10,143,42
8npe3.png,200,50,8,29,11,50,42
8npe3.png,200,50,n,50,19,71,45
8npe3.png,200,50,p,71,17,94,50
8npe3.png,200,50,e,93,17,116,50
8npe3.png,200,50,3,114,13,137,45
387g2.png,200,50,3,28,11,48,45
387g2.png,200,50,8,50,12,71,45
387g2.png,200,50,7,72,9,93,46
387g2.png,200,50,g,92,17,114,50
387g2.png,200,50,2,115,13,136,47
3mxdn.png,200,50,3,28,12,48,45
3mxdn.png,200,50,m,47,18,81,48
3mxdn.png,200,50,x,80,17,103,47
3mxdn.png,200,50,d,104,12,128,50
3mxdn.png,200,50,n,127,13,148,48
52447.png,200,50,5,29,10,51,45
52447.png,200,50,2,50,11,69,47
52447.png,200,50,4,66,10,87,45
52447.png,200,50,4,87,10,110,46
52447.png,200,50,7,111,11,132,46
3ebpw.png,200,50,3,29,11,49,47
3ebpw.png,200,50,e,49,19,70,48
3ebpw.png,200,50,b,70,9,94,49
3ebpw.png,200,50,p,93,17,116,50
3ebpw.png,200,50,w,115,16,145,50
556wd.png,200,50,5,30,9,50,43
556wd.png,200,50,5,49,11,67,45
556wd.png,200,50,6,68,9,89,46
556wd.png,200,50,w,89,15,120,45
556wd.png,200,50,d,122,8,148,45
34pcn.png,200,50,3,28,11,49,44
34pcn.png,200,50,4,47,10,71,48
34pcn.png,200,50,p,70,17,93,50
34pcn.png,200,50,c,93,16,114,44
34pcn.png,200,50,n,113,18,135,47
37ep6.png,200,50,3,30,9,50,44
37ep6.png,200,50,7,52,10,72,46
37ep6.png,200,50,e,68,19,91,46
37ep6.png,200,50,p,90,16,116,50
37ep6.png,200,50,6,114,10,135,50
5f3gf.png,200,50,5,29,10,49,47
5f3gf.png,200,50,f,47,8,65,50
5f3gf.png,200,50,3,65,10,86,50
5f3gf.png,200,50,g,85,16,107,50
5f3gf.png,200,50,f,108,10,131,50
57b27.png,200,50,5,31,9,51,44
57b27.png,200,50,7,51,10,70,46
57b27.png,200,50,b,69,9,93,46
57b27.png,200,50,2,93,9,114,46
57b27.png,200,50,7,114,9,134,46
28348.png,200,50,2,29,11,49,45
28348.png,200,50,8,49,12,70,46
28348.png,200,50,3,72,10,91,46
28348.png,200,50,4,91,8,114,47
28348.png,200,50,8,114,11,135,46
6bxwg.png,200,50,6,28,9,52,43
6bxwg.png,200,50,b,52,12,73,46
6bxwg.png,200,50,x,73,17,94,47
6bxwg.png,200,50,w,94,18,119,47
6bxwg.png,200,50,g,121,18,146,50
cffp4.png,200,50,c,28,16,51,43
cffp4.png,200,50,f,51,9,74,45
cffp4.png,200,50,f,73,10,92,45
cffp4.png,200,50,p,92,18,116,50
cffp4.png,200,50,4,115,10,138,45
22d5n.png,200,50,2,30,10,51,44
22d5n.png,200,50,2,51,12,71,44
22d5n.png,200,50,d,71,11,93,46
22d5n.png,200,50,5,95,9,114,47
22d5n.png,200,50,n,111,19,133,47
7gce6.png,200,50,7,30,8,52,46
7gce6.png,200,50,g,50,19,72,50
7gce6.png,200,50,c,72,18,93,47
7gce6.png,200,50,e,92,16,114,44
7gce6.png,200,50,6,114,10,136,46
42nxy.png,200,50,4,27,10,50,46
42nxy.png,200,50,2,50,13,72,46
42nxy.png,200,50,n,70,14,92,46
42nxy.png,200,50,x,90,18,113,46
42nxy.png,200,50,y,114,17,138,50
73mnx.png,200,50,7,30,10,52,43
73mnx.png,200,50,3,51,12,69,46
73mnx.png,200,50,m,69,16,103,46
73mnx.png,200,50,n,103,17,123,46
73mnx.png,200,50,x,121,18,143,45
7y2x4.png,200,50,7,31,10,52,44
7y2x4.png,200,50,y,48,19,73,50
7y2x4.png,200,50,2,74,10,95,50
7y2x4.png,200,50,x,94,17,117,46
7y2x4.png,200,50,4,116,11,138,46
2mpnn.png,200,50,2,29,10,52,46
2mpnn.png,200,50,m,50,17,83,49
2mpnn.png,200,50,p,82,17,106,50
2mpnn.png,200,50,n,104,16,128,50
2mpnn.png,200,50,n,125,16,152,47
865wm.png,200,50,8,30,10,52,43
865wm.png,200,50,6,52,11,73,44
865wm.png,200,50,5,75,10,94,48
865wm.png,200,50,w,90,18,124,46
865wm.png,200,50,m,125,18,161,45
4w76g.png,200,50,4,28,9,52,42
4w76g.png,200,50,w,50,17,82,46
4w76g.png,200,50,7,84,9,106,48
4w76g.png,200,50,6,102,10,125,49
4w76g.png,200,50,g,124,15,147,50
8wy7d.png,200,50,8,30,9,52,44
8wy7d.png,200,50,w,50,19,75,45
8wy7d.png,200,50,y,75,17,98,50
8wy7d.png,200,50,7,102,8,125,48
8wy7d.png,200,50,d,121,7,145,49
4b2pw.png,200,50,4,28,10,50,48
4b2pw.png,200,50,b,50,11,74,50
4b2pw.png,200,50,2,74,11,97,50
4b2pw.png,200,50,p,95,14,116,50
4b2pw.png,200,50,w,116,16,148,50
b5pnn.png,200,50,b,29,9,53,43
b5pnn.png,200,50,5,55,9,72,46
b5pnn.png,200,50,p,71,17,93,50
b5pnn.png,200,50,n,93,20,113,45
b5pnn.png,200,50,n,113,20,134,45
3pe4g.png,200,50,3,29,12,48,47
3pe4g.png,200,50,p,47,18,68,50
3pe4g.png,200,50,e,68,17,90,50
3pe4g.png,200,50,4,90,10,114,50
3pe4g.png,200,50,g,111,18,136,50
8db67.png,200,50,8,30,10,53,44
8db67.png,200,50,d,53,8,73,47
8db67.png,200,50,b,74,8,97,47
8db67.png,200,50,6,97,9,120,44
8db67.png,200,50,7,119,6,141,46
5nnff.png,200,50,5,30,11,48,46
5nnff.png,200,50,n,48,19,68,47
5nnff.png,200,50,n,67,18,89,47
5nnff.png,200,50,f,88,8,108,48
5nnff.png,200,50,f,108,10,130,47
378e5.png,200,50,3,29,10,51,42
378e5.png,200,50,7,51,10,72,46
378e5.png,200,50,8,70,10,90,46
378e5.png,200,50,e,89,15,112,45
378e5.png,200,50,5,112,11,134,46
ddcne.png,200,50,d,28,10,51,43
ddcne.png,200,50,d,51,9,72,45
ddcne.png,200,50,c,73,19,92,46
ddcne.png,200,50,n,92,17,113,46
ddcne.png,200,50,e,112,20,134,46
76y6f.png,200,50,7,29,10,50,44
76y6f.png,200,50,6,47,9,71,44
76y6f.png,200,50,y,70,17,92,50
76y6f.png,200,50,6,93,8,118,44
76y6f.png,200,50,f,117,7,140,46
75pfw.png,200,50,7,30,11,50,45
75pfw.png,200,50,5,51,12,69,47
75pfw.png,200,50,p,67,17,92,50
75pfw.png,200,50,f,92,7,112,45
75pfw.png,200,50,w,108,19,136,46
7g3nf.png,200,50,7,30,9,52,44
7g3nf.png,200,50,g,49,20,73,50
7g3nf.png,200,50,3,72,11,93,50
7g3nf.png,200,50,n,93,17,113,44
7g3nf.png,200,50,f,113,10,132,46
5np4m.png,200,50,5,31,9,48,44
5np4m.png,200,50,n,48,19,69,46
5np4m.png,200,50,p,69,19,92,50
5np4m.png,200,50,4,92,7,112,49
5np4m.png,200,50,m,113,18,148,48
bw6n6.png,200,50,b,29,11,50,44
bw6n6.png,200,50,w,51,18,81,45
bw6n6.png,200,50,6,83,10,105,45
bw6n6.png,200,50,n,107,18,127,46
bw6n6.png,200,50,6,126,9,149,46
c5xne.png,200,50,c,28,17,48,44
c5xne.png,200,50,5,50,11,69,45
c5xne.png,200,50,x,66,18,87,45
c5xne.png,200,50,n,89,17,111,44
c5xne.png,200,50,e,112,21,134,45
6cm6m.png,200,50,6,29,11,52,43
6cm6m.png,200,50,c,52,18,72,44
6cm6m.png,200,50,m,72,18,107,47
6cm6m.png,200,50,6,106,12,129,49
6cm6m.png,200,50,m,129,17,153,46
33p4e.png,200,50,3,31,8,50,43
33p4e.png,200,50,3,50,12,70,45
33p4e.png,200,50,p,69,18,94,50
33p4e.png,200,50,4,92,8,112,46
33p4e.png,200,50,e,113,18,137,45
36w25.png,200,50,3,30,10,50,44
36w25.png,200,50,6,47,9,71,46
36w25.png,200,50,w,70,17,104,46
36w25.png,200,50,2,105,11,128,46
36w25.png,200,50,5,126,10,146,43
4yc85.png,200,50,4,29,12,49,47
4yc85.png,200,50,y,49,19,73,50
4yc85.png,200,50,c,74,21,97,50
4yc85.png,200,50,8,97,10,119,47
4yc85.png,200,50,5,119,11,139,44
2en7g.png,200,50,2,30,11,51,50
2en7g.png,200,50,e,49,17,71,50
2en7g.png,200,50,n,69,16,95,48
2en7g.png,200,50,7,91,9,112,46
2en7g.png,200,50,g,107,18,134,50
5wddw.png,200,50,5,29,11,47,44
5wddw.png,200,50,w,46,18,70,44
5wddw.png,200,50,d,71,12,95,48
5wddw.png,200,50,d,96,11,118,46
5wddw.png,200,50,w,117,17,148,45
ddmyg.png,200,50,d,28,9,51,43
ddmyg.png,200,50,d,51,9,72,45
ddmyg.png,200,50,m,73,18,108,46
ddmyg.png,200,50,y,106,17,128,50
ddmyg.png,200,50,g,128,17,154,50
bxxfc.png,200,50,b,29,10,53,44
bxxfc.png,200,50,x,52,17,74,46
bxxfc.png,200,50,x,74,18,96,46
bxxfc.png,200,50,f,99,10,116,44
bxxfc.png,200,50,c,117,18,136,45
c7gb3.png,200,50,c,29,17,50,45
c7gb3.png,200,50,7,51,11,71,46
c7gb3.png,200,50,g,69,18,92,50
c7gb3.png,200,50,b,90,9,113,44
c7gb3.png,200,50,3,113,11,135,45
7d44m.png,200,50,7,30,11,49,44
7d44m.png,200,50,d,49,11,70,47
7d44m.png,200,50,4,70,12,93,46
7d44m.png,200,50,4,92,10,114,47
7d44m.png,200,50,m,114,18,151,46
be6np.png,200,50,b,29,10,50,44
be6np.png,200,50,e,51,19,71,45
be6np.png,200,50,6,71,13,92,44
be6np.png,200,50,n,93,19,112,44
be6np.png,200,50,p,112,20,135,50
87d4c.png,200,50,8,28,10,50,43
87d4c.png,200,50,7,51,11,72,46
87d4c.png,200,50,d,69,10,92,46
87d4c.png,200,50,4,92,8,112,45
87d4c.png,200,50,c,112,17,133,47
by5y3.png,200,50,b,29,10,50,44
by5y3.png,200,50,y,49,17,71,50
by5y3.png,200,50,5,73,11,94,47
by5y3.png,200,50,y,93,18,115,50
by5y3.png,200,50,3,118,11,138,44
5x5nx.png,200,50,5,31,11,50,44
5x5nx.png,200,50,x,47,19,70,46
5x5nx.png,200,50,5,72,10,92,47
5x5nx.png,200,50,n,90,17,109,47
5x5nx.png,200,50,x,108,18,132,47
cnmnn.png,200,50,c,27,17,47,43
cnmnn.png,200,50,n,48,18,68,47
cnmnn.png,200,50,m,67,18,90,46
cnmnn.png,200,50,n,90,18,111,46
cnmnn.png,200,50,n,111,20,134,46
8c23f.png,200,50,8,28,10,50,45
8c23f.png,200,50,c,50,18,70,45
8c23f.png,200,50,2,69,10,90,46
8c23f.png,200,50,3,89,9,109,46
8c23f.png,200,50,f,107,8,126,50
bwmee.png,200,50,b,29,10,50,44
bwmee.png,200,50,w,50,19,80,45
bwmee.png,200,50,m,84,19,118,47
bwmee.png,200,50,e,118,19,139,44
bwmee.png,200,50,e,139,20,160,45
373gb.png,200,50,3,29,11,50,44
373gb.png,200,50,7,50,10,71,45
373gb.png,200,50,3,71,9,89,46
373gb.png,200,50,g,89,15,109,50
373gb.png,200,50,b,110,11,135,47
2cegf.png,200,50,2,28,9,52,48
2cegf.png,200,50,c,50,12,71,50
2cegf.png,200,50,e,69,11,92,50
2cegf.png,200,50,g,89,14,114,50
2cegf.png,200,50,g,112,9,136,50
6b4w6.png,200,50,6,27,8,52,43
6b4w6.png,200,50,b,52,12,75,46
6b4w6.png,200,50,4,75,12,96,45
6b4w6.png,200,50,w,96,16,127,46
6b4w6.png,200,50,6,129,13,153,44
cdcb3.png,200,50,e,28,17,50,42
cdcb3.png,200,50,d,50,9,71,46
cdcb3.png,200,50,c,72,18,92,44
cdcb3.png,200,50,b,93,8,116,44
cdcb3.png,200,50,3,117,10,136,45
7dxbd.png,200,50,7,30,11,49,43
7dxbd.png,200,50,d,46,10,70,45
7dxbd.png,200,50,x,71,17,94,46
7dxbd.png,200,50,b,95,9,119,43
7dxbd.png,200,50,d,119,8,140,43
62fgn.jpg,200,50,6,28,9,53,43
62fgn.jpg,200,50,2,53,10,74,46
62fgn.jpg,200,50,f,74,9,97,46
62fgn.jpg,200,50,g,93,16,117,50
62fgn.jpg,200,50,n,116,15,139,46
c6745.png,200,50,c,28,16,50,45
c6745.png,200,50,6,50,11,70,44
c6745.png,200,50,7,73,9,93,44
c6745.png,200,50,4,92,9,116,46
c6745.png,200,50,5,116,11,135,46
6ydyp.png,200,50,6,28,11,50,41
6ydyp.png,200,50,y,49,19,72,50
6ydyp.png,200,50,d,73,12,95,47
6ydyp.png,200,50,y,95,18,117,50
6ydyp.png,200,50,p,119,18,143,50
6bdn5.png,200,50,6,28,9,51,42
6bdn5.png,200,50,b,51,11,73,48
6bdn5.png,200,50,d,75,10,95,49
6bdn5.png,200,50,n,96,17,118,47
6bdn5.png,200,50,5,119,9,140,46
7bwm2.png,200,50,7,30,11,49,44
7bwm2.png,200,50,b,49,10,70,46
7bwm2.png,200,50,w,69,17,95,46
7bwm2.png,200,50,m,95,18,130,45
7bwm2.png,200,50,2,130,11,151,45
7wyp4.png,200,50,7,31,10,52,43
7wyp4.png,200,50,w,46,19,74,45
7wyp4.png,200,50,y,74,19,97,50
7wyp4.png,200,50,p,99,17,121,50
7wyp4.png,200,50,4,122,11,143,44
25m6p.png,200,50,2,30,10,50,44
25m6p.png,200,50,5,51,10,68,44
25m6p.png,200,50,m,67,16,102,46
25m6p.png,200,50,6,100,9,121,45
25m6p.png,200,50,p,121,16,145,50
664dn.png,200,50,6,28,10,50,43
664dn.png,200,50,6,49,10,72,46
664dn.png,200,50,4,72,10,93,47
664dn.png,200,50,d,93,9,118,46
664dn.png,200,50,n,117,17,139,45
2xc2n.png,200,50,2,29,10,52,50
2xc2n.png,200,50,x,49,15,72,50
2xc2n.png,200,50,c,72,19,95,50
2xc2n.png,200,50,2,95,10,116,50
2xc2n.png,200,50,n,114,14,136,50
4cfw8.png,200,50,4,29,8,53,50
4cfw8.png,200,50,c,52,17,74,50
4cfw8.png,200,50,f,73,11,91,50
4cfw8.png,200,50,w,91,17,122,47
4cfw8.png,200,50,8,124,9,147,46
7gnge.png,200,50,7,30,11,50,43
7gnge.png,200,50,g,48,20,70,50
7gnge.png,200,50,n,70,18,93,47
7gnge.png,200,50,g,92,16,114,50
7gnge.png,200,50,e,115,19,136,45
4n3mn.png,200,50,4,28,10,49,47
4n3mn.png,200,50,n,51,19,73,48
4n3mn.png,200,50,3,72,12,91,50
4n3mn.png,200,50,m,90,18,115,50
4n3mn.png,200,50,n,114,18,134,50
dbpcd.png,200,50,d,28,9,51,45
dbpcd.png,200,50,b,51,11,72,47
dbpcd.png,200,50,p,72,16,95,50
dbpcd.png,200,50,c,94,15,116,46
dbpcd.png,200,50,d,114,8,139,46
c482b.png,200,50,c,27,17,48,44
c482b.png,200,50,4,48,14,69,44
c482b.png,200,50,8,70,12,90,44
c482b.png,200,50,2,91,9,111,46
c482b.png,200,50,b,110,10,134,46
25257.png,200,50,2,30,11,50,44
25257.png,200,50,5,49,12,68,46
25257.png,200,50,2,67,10,88,46
25257.png,200,50,5,86,9,107,47
25257.png,200,50,7,107,10,126,47
7cgym.png,200,50,7,30,11,49,44
7cgym.png,200,50,c,48,19,68,44
7cgym.png,200,50,g,69,19,91,50
7cgym.png,200,50,y,90,19,112,50
7cgym.png,200,50,m,113,19,138,45
d8xcn.png,200,50,d,27,10,52,44
d8xcn.png,200,50,8,53,11,74,45
d8xcn.png,200,50,x,74,18,95,46
d8xcn.png,200,50,c,98,18,118,45
d8xcn.png,200,50,n,119,19,143,44
3nfdn.png,200,50,3,30,10,49,48
3nfdn.png,200,50,n,49,17,69,50
3nfdn.png,200,50,f,68,9,84,50
3nfdn.png,200,50,d,85,6,110,50
3nfdn.png,200,50,n,110,14,132,49
6ge3p.png,200,50,6,28,10,49,44
6ge3p.png,200,50,g,50,18,72,50
6ge3p.png,200,50,e,72,19,93,48
6ge3p.png,200,50,3,94,10,114,45
6ge3p.png,200,50,p,113,20,137,50
675p3.png,200,50,6,29,10,50,42
675p3.png,200,50,7,52,11,73,46
675p3.png,200,50,5,73,10,90,47
675p3.png,200,50,p,90,18,112,50
675p3.png,200,50,3,113,11,132,46
88bgx.png,200,50,8,30,10,52,43
88bgx.png,200,50,8,52,11,72,44
88bgx.png,200,50,b,72,9,94,46
88bgx.png,200,50,g,95,15,118,50
88bgx.png,200,50,x,117,16,139,45
64b3p.png,200,50,6,28,11,51,44
64b3p.png,200,50,4,50,12,71,46
64b3p.png,200,50,b,70,9,94,48
64b3p.png,200,50,3,94,9,114,46
64b3p.png,200,50,p,114,18,136,49
6bnnm.png,200,50,6,28,11,50,43
6bnnm.png,200,50,b,50,11,74,46
6bnnm.png,200,50,n,73,17,93,48
6bnnm.png,200,50,n,93,18,113,46
6bnnm.png,200,50,m,112,20,137,45
d2nbn.png,200,50,d,29,9,50,45
d2nbn.png,200,50,2,53,13,70,45
d2nbn.png,200,50,n,70,16,92,47
d2nbn.png,200,50,b,91,10,112,46
d2nbn.png,200,50,n,112,19,134,46
6f857.png,200,50,6,28,11,50,43
6f857.png,200,50,f,51,10,72,46
6f857.png,200,50,8,72,11,92,45
6f857.png,200,50,5,94,9,114,45
6f857.png,200,50,7,114,11,136,46
65nmw.jpg,200,50,6,29,11,50,43
65nmw.jpg,200,50,5,51,12,70,46
65nmw.jpg,200,50,n,69,17,89,47
65nmw.jpg,200,50,m,89,17,125,49
65nmw.jpg,200,50,w,122,17,154,46
8y63f.png,200,50,8,28,10,52,43
8y63f.png,200,50,y,51,17,74,50
8y63f.png,200,50,6,75,11,98,46
8y63f.png,200,50,3,98,9,118,43
8y63f.png,200,50,f,119,8,140,44
5p3mm.png,200,50,5,31,10,49,45
5p3mm.png,200,50,p,48,19,70,50
5p3mm.png,200,50,3,71,11,90,47
5p3mm.png,200,50,m,90,17,112,50
5p3mm.png,200,50,m,112,19,135,50
47m2b.png,200,50,4,28,9,50,42
47m2b.png,200,50,7,53,10,72,42
47m2b.png,200,50,m,71,17,105,43
47m2b.png,200,50,2,104,10,124,43
47m2b.png,200,50,b,122,9,143,41
53mn8.png,200,50,5,31,9,50,43
53mn8.png,200,50,3,49,11,67,45
53mn8.png,200,50,m,67,16,101,47
53mn8.png,200,50,n,101,15,122,46
53mn8.png,200,50,8,121,10,144,43
64m82.png,200,50,6,28,10,51,43
64m82.png,200,50,4,50,11,74,48
64m82.png,200,50,m,72,18,97,46
64m82.png,200,50,8,95,9,119,46
64m82.png,200,50,2,119,9,141,45
dce8y.png,200,50,d,27,10,52,44
dce8y.png,200,50,c,52,17,73,45
dce8y.png,200,50,e,73,18,95,46
dce8y.png,200,50,8,95,9,118,46
dce8y.png,200,50,y,117,18,140,50
8fexn.png,200,50,8,28,10,51,42
8fexn.png,200,50,f,54,9,74,44
8fexn.png,200,50,e,72,20,94,46
8fexn.png,200,50,x,93,19,117,47
8fexn.png,200,50,n,117,19,141,46
36bc2.png,200,50,3,29,9,48,43
36bc2.png,200,50,6,47,13,69,45
36bc2.png,200,50,b,69,9,91,45
36bc2.png,200,50,c,91,15,110,48
36bc2.png,200,50,2,110,12,133,46
3n7mx.png,200,50,3,29,10,50,46
3n7mx.png,200,50,n,49,18,69,47
3n7mx.png,200,50,7,71,10,92,47
3n7mx.png,200,50,m,89,11,113,50
3n7mx.png,200,50,x,112,16,134,49
3ye2e.png,200,50,3,30,13,49,48
3ye2e.png,200,50,y,47,17,69,50
3ye2e.png,200,50,e,70,20,93,50
3ye2e.png,200,50,2,93,10,114,50
3ye2e.png,200,50,e,112,20,133,50
65ebm.png,200,50,6,28,9,52,43
65ebm.png,200,50,5,52,11,72,46
65ebm.png,200,50,e,72,19,92,46
65ebm.png,200,50,b,91,9,115,44
65ebm.png,200,50,m,116,19,150,45
2fxgd.png,200,50,2,30,10,52,46
2fxgd.png,200,50,f,51,9,74,46
2fxgd.png,200,50,x,71,14,94,49
2fxgd.png,200,50,g,92,14,119,50
2fxgd.png,200,50,d,115,8,143,50
832f3.png,200,50,8,28,11,51,43
832f3.png,200,50,3,52,13,71,46
832f3.png,200,50,2,71,10,93,47
832f3.png,200,50,f,92,7,114,45
832f3.png,200,50,3,113,10,133,47
cdmn8.png,200,50,c,29,17,50,45
cdmn8.png,200,50,d,49,10,72,45
cdmn8.png,200,50,m,72,15,106,46
cdmn8.png,200,50,n,106,17,127,47
cdmn8.png,200,50,8,125,10,146,43
74eyg.png,200,50,7,30,11,50,43
74eyg.png,200,50,4,49,11,70,44
74eyg.png,200,50,e,70,17,93,47
74eyg.png,200,50,y,90,17,114,50
74eyg.png,200,50,g,115,17,139,50
ccf2w.png,200,50,c,29,17,49,43
ccf2w.png,200,50,c,49,18,71,43
ccf2w.png,200,50,f,71,10,88,44
ccf2w.png,200,50,2,90,10,110,46
ccf2w.png,200,50,w,107,17,138,45
42dw4.png,200,50,4,28,10,53,46
42dw4.png,200,50,2,53,12,73,45
42dw4.png,200,50,d,73,12,95,48
42dw4.png,200,50,w,94,15,126,47
42dw4.png,200,50,4,128,11,153,46
65m85.png,200,50,6,28,9,53,42
65m85.png,200,50,5,54,11,73,45
65m85.png,200,50,m,71,17,106,46
65m85.png,200,50,8,105,12,128,46
65m85.png,200,50,5,128,9,148,43
bpwd7.png,200,50,b,29,10,50,44
bpwd7.png,200,50,p,51,20,71,50
bpwd7.png,200,50,w,71,19,97,46
bpwd7.png,200,50,d,97,11,120,47
bpwd7.png,200,50,7,123,11,142,45
8bbm4.png,200,50,8,28,11,50,43
8bbm4.png,200,50,b,49,10,73,45
8bbm4.png,200,50,b,73,9,96,46
8bbm4.png,200,50,m,95,14,120,45
8bbm4.png,200,50,4,118,8,144,42
25egp.png,200,50,2,29,11,51,45
25egp.png,200,50,5,49,11,68,46
25egp.png,200,50,e,66,17,89,47
25egp.png,200,50,g,89,16,111,50
25egp.png,200,50,p,110,18,134,50
3nnpw.png,200,50,3,30,9,50,46
3nnpw.png,200,50,n,49,18,69,47
3nnpw.png,200,50,n,69,17,91,50
3nnpw.png,200,50,p,89,17,114,50
3nnpw.png,200,50,w,111,17,143,50
cm6yb.png,200,50,c,27,17,48,42
cm6yb.png,200,50,m,48,18,82,45
cm6yb.png,200,50,6,81,9,103,45
cm6yb.png,200,50,y,102,16,126,50
cm6yb.png,200,50,b,127,8,151,45
7e2y7.png,200,50,7,30,12,49,44
7e2y7.png,200,50,e,48,21,69,45
7e2y7.png,200,50,2,69,11,91,46
7e2y7.png,200,50,y,89,19,113,50
7e2y7.png,200,50,7,115,10,139,46
bp6mw.png,200,50,b,29,10,52,45
bp6mw.png,200,50,p,53,18,76,50
bp6mw.png,200,50,6,76,12,96,48
bp6mw.png,200,50,m,98,16,132,47
bp6mw.png,200,50,w,131,16,162,47
b26nd.png,200,50,b,28,9,51,45
b26nd.png,200,50,2,53,12,71,44
b26nd.png,200,50,6,73,11,93,46
b26nd.png,200,50,n,93,16,113,44
b26nd.png,200,50,d,113,9,138,46
c55c6.png,200,50,c,28,19,49,43
c55c6.png,200,50,5,50,11,69,46
c55c6.png,200,50,5,68,10,87,45
c55c6.png,200,50,c,86,14,107,44
c55c6.png,200,50,6,107,12,130,46
6fg8c.png,200,50,6,29,9,51,42
6fg8c.png,200,50,f,52,10,69,46
6fg8c.png,200,50,g,69,19,93,50
6fg8c.png,200,50,8,94,8,115,42
6fg8c.png,200,50,c,116,17,137,45
467d5.png,200,50,4,28,11,49,43
467d5.png,200,50,6,51,12,71,45
467d5.png,200,50,7,74,9,94,46
467d5.png,200,50,d,92,6,117,45
467d5.png,200,50,5,118,9,137,45
3b4we.png,200,50,3,28,10,49,49
3b4we.png,200,50,b,50,9,71,50
3b4we.png,200,50,4,70,9,94,50
3b4we.png,200,50,w,92,9,125,50
3b4we.png,200,50,e,124,15,149,48
c4527.png,200,50,c,29,17,49,44
c4527.png,200,50,4,49,11,73,45
c4527.png,200,50,5,74,9,93,46
c4527.png,200,50,2,93,8,114,45
c4527.png,200,50,7,114,10,134,46
3xng6.png,200,50,3,29,11,49,49
3xng6.png,200,50,x,48,19,69,50
3xng6.png,200,50,n,70,18,92,50
3xng6.png,200,50,g,91,17,114,50
3xng6.png,200,50,6,114,10,138,50
53wp3.png,200,50,5,29,11,50,43
53wp3.png,200,50,3,49,10,68,46
53wp3.png,200,50,w,67,17,98,45
53wp3.png,200,50,p,100,17,124,50
53wp3.png,200,50,3,124,9,147,43
c86md.png,200,50,c,28,17,48,44
c86md.png,200,50,8,48,14,68,46
c86md.png,200,50,6,69,11,89,47
c86md.png,200,50,m,89,18,112,44
c86md.png,200,50,d,112,10,133,45
6cwxe.png,200,50,6,28,9,52,44
6cwxe.png,200,50,c,52,18,71,45
6cwxe.png,200,50,w,71,18,101,46
6cwxe.png,200,50,x,102,17,126,47
6cwxe.png,200,50,e,127,17,150,47
245y5.png,200,50,2,30,9,52,45
245y5.png,200,50,4,50,11,74,46
245y5.png,200,50,5,74,9,94,45
245y5.png,200,50,y,90,19,112,50
245y5.png,200,50,5,115,10,137,46
6wg4n.png,200,50,6,28,10,50,44
6wg4n.png,200,50,w,48,19,72,45
6wg4n.png,200,50,g,74,19,98,50
6wg4n.png,200,50,4,97,12,121,46
6wg4n.png,200,50,n,120,17,142,46
d7en3.png,200,50,d,28,7,52,46
d7en3.png,200,50,7,55,10,75,45
d7en3.png,200,50,e,70,19,94,48
d7en3.png,200,50,n,93,17,115,44
d7en3.png,200,50,3,115,14,134,45
5gcd3.png,200,50,5,30,11,48,47
5gcd3.png,200,50,g,48,20,69,50
5gcd3.png,200,50,c,70,19,89,50
5gcd3.png,200,50,d,89,8,115,49
5gcd3.png,200,50,3,114,11,135,50
5mcy7.png,200,50,5,29,10,48,45
5mcy7.png,200,50,m,47,19,70,46
5mcy7.png,200,50,c,70,20,90,48
5mcy7.png,200,50,y,90,19,112,50
5mcy7.png,200,50,7,114,11,137,48
cd6p4.png,200,50,c,27,16,48,43
cd6p4.png,200,50,d,46,11,71,46
cd6p4.png,200,50,6,71,9,93,46
cd6p4.png,200,50,p,94,17,118,50
cd6p4.png,200,50,4,117,11,141,44
8gecm.png,200,50,8,31,9,51,45
8gecm.png,200,50,g,52,18,74,50
8gecm.png,200,50,e,73,18,96,47
8gecm.png,200,50,c,95,18,114,45
8gecm.png,200,50,m,114,18,139,46
72m6f.png,200,50,7,30,10,52,43
72m6f.png,200,50,2,51,12,71,48
72m6f.png,200,50,m,70,17,104,47
72m6f.png,200,50,6,102,10,125,45
72m6f.png,200,50,f,124,9,142,43
7m8px.png,200,50,7,30,10,50,43
7m8px.png,200,50,m,48,20,71,46
7m8px.png,200,50,8,71,11,93,46
7m8px.png,200,50,p,93,17,115,50
7m8px.png,200,50,x,115,17,139,50
6c3n6.png,200,50,6,29,9,51,48
6c3n6.png,200,50,c,51,19,71,45
6c3n6.png,200,50,3,71,11,92,46
6c3n6.png,200,50,n,91,18,112,46
6c3n6.png,200,50,6,110,11,133,46
4ynf3.png,200,50,4,29,10,50,47
4ynf3.png,200,50,y,49,17,72,50
4ynf3.png,200,50,n,74,17,97,50
4ynf3.png,200,50,f,95,8,113,46
4ynf3.png,200,50,3,115,11,136,50
bn5mw.png,200,50,b,29,10,50,45
bn5mw.png,200,50,n,51,20,72,45
bn5mw.png,200,50,5,73,10,91,46
bn5mw.png,200,50,m,90,19,113,44
bn5mw.png,200,50,w,113,18,143,45
8nbew.png,200,50,8,30,9,52,43
8nbew.png,200,50,n,53,17,73,46
8nbew.png,200,50,b,73,9,95,47
8nbew.png,200,50,e,95,14,117,45
8nbew.png,200,50,w,116,19,147,45
3bx86.png,200,50,3,28,11,49,46
3bx86.png,200,50,b,47,11,70,50
3bx86.png,200,50,x,68,13,91,50
3bx86.png,200,50,8,91,10,114,50
3bx86.png,200,50,6,113,8,140,50
c6we6.png,200,50,c,28,18,47,43
c6we6.png,200,50,6,48,12,68,47
c6we6.png,200,50,w,67,17,92,45
c6we6.png,200,50,e,93,17,115,46
c6we6.png,200,50,6,114,10,137,45
cy3nw.png,200,50,c,28,17,48,42
cy3nw.png,200,50,y,47,18,69,50
cy3nw.png,200,50,3,72,9,92,46
cy3nw.png,200,50,n,92,17,112,45
cy3nw.png,200,50,w,111,17,142,46
d22n7.png,200,50,d,29,9,51,44
d22n7.png,200,50,2,52,12,73,46
d22n7.png,200,50,2,73,11,92,45
d22n7.png,200,50,n,92,16,113,44
d22n7.png,200,50,7,114,10,135,46
678w3.png,200,50,6,27,10,52,43
678w3.png,200,50,7,55,10,75,46
678w3.png,200,50,8,73,13,93,47
678w3.png,200,50,w,94,16,125,45
678w3.png,200,50,3,127,12,147,45
4dgf7.png,200,50,4,29,11,50,50
4dgf7.png,200,50,d,51,9,73,50
4dgf7.png,200,50,g,73,18,97,50
4dgf7.png,200,50,f,95,8,115,50
4dgf7.png,200,50,7,116,9,138,50
3eny7.png,200,50,3,27,11,48,46
3eny7.png,200,50,e,48,21,71,47
3eny7.png,200,50,n,70,18,91,50
3eny7.png,200,50,y,89,18,114,50
3eny7.png,200,50,7,115,10,138,49
43gey.png,200,50,4,28,10,50,43
43gey.png,200,50,3,52,13,70,46
43gey.png,200,50,g,70,17,94,50
43gey.png,200,50,e,92,16,113,46
43gey.png,200,50,y,112,19,134,50
7yf62.png,200,50,7,30,11,50,43
7yf62.png,200,50,y,47,19,69,50
7yf62.png,200,50,f,71,10,89,46
7yf62.png,200,50,6,89,8,111,46
7yf62.png,200,50,2,112,12,134,46
8w754.png,200,50,8,31,10,52,42
8w754.png,200,50,w,51,15,83,46
8w754.png,200,50,7,85,9,106,46
8w754.png,200,50,5,107,9,126,47
8w754.png,200,50,4,124,9,144,48
85pew.jpg,200,50,8,30,10,52,43
85pew.jpg,200,50,5,51,11,71,45
85pew.jpg,200,50,p,70,16,94,50
85pew.jpg,200,50,e,92,17,113,45
85pew.jpg,200,50,w,112,18,137,46
377xx.png,200,50,3,30,10,49,44
377xx.png,200,50,7,50,12,71,46
377xx.png,200,50,7,71,9,91,45
377xx.png,200,50,x,86,18,112,45
377xx.png,200,50,x,111,18,135,46
6end3.png,200,50,6,29,12,49,43
6end3.png,200,50,e,49,21,70,45
6end3.png,200,50,n,70,18,92,47
6end3.png,200,50,d,93,10,114,46
6end3.png,200,50,3,114,13,134,45
658xe.png,200,50,6,27,10,50,43
658xe.png,200,50,5,51,12,70,45
658xe.png,200,50,8,70,10,88,45
658xe.png,200,50,x,90,17,111,46
658xe.png,200,50,e,111,20,134,46
6n5fd.png,200,50,6,28,10,50,42
6n5fd.png,200,50,n,51,19,72,45
6n5fd.png,200,50,5,72,10,92,45
6n5fd.png,200,50,f,92,8,112,44
6n5fd.png,200,50,d,108,9,133,45
cwdnx.png,200,50,c,28,17,50,43
cwdnx.png,200,50,w,49,18,79,46
cwdnx.png,200,50,d,81,8,106,44
cwdnx.png,200,50,n,106,15,127,47
cwdnx.png,200,50,x,125,16,147,46
5mnpd.png,200,50,5,29,10,48,46
5mnpd.png,200,50,m,48,19,82,50
5mnpd.png,200,50,n,81,20,102,50
5mnpd.png,200,50,p,101,18,123,50
5mnpd.png,200,50,d,122,10,146,50
cndmc.jpg,200,50,e,27,16,48,44
cndmc.jpg,200,50,n,48,17,67,46
cndmc.jpg,200,50,d,67,10,90,47
cndmc.jpg,200,50,m,92,17,126,46
cndmc.jpg,200,50,c,124,15,145,43
5mf7c.png,200,50,5,30,11,49,46
5mf7c.png,200,50,m,49,19,82,48
5mf7c.png,200,50,f,81,11,99,48
5mf7c.png,200,50,7,101,10,121,46
5mf7c.png,200,50,c,118,17,138,48
7pcd7.png,200,50,7,30,10,50,46
7pcd7.png,200,50,p,48,19,72,50
7pcd7.png,200,50,c,71,18,90,50
7pcd7.png,200,50,d,89,8,114,50
7pcd7.png,200,50,7,115,11,135,45
7dyww.png,200,50,7,31,10,52,44
7dyww.png,200,50,d,51,10,72,44
7dyww.png,200,50,y,71,17,95,50
7dyww.png,200,50,w,93,17,119,46
7dyww.png,200,50,w,119,19,143,44
b4ndb.jpg,200,50,b,28,11,51,45
b4ndb.jpg,200,50,4,50,10,73,46
b4ndb.jpg,200,50,n,74,18,96,46
b4ndb.jpg,200,50,d,96,10,118,45
b4ndb.jpg,200,50,b,118,10,139,45
dc436.png,200,50,d,29,11,51,44
dc436.png,200,50,c,51,18,72,45
dc436.png,200,50,4,70,11,94,47
dc436.png,200,50,3,94,8,114,44
dc436.png,200,50,6,114,8,138,45
cd4eg.png,200,50,c,27,17,47,43
cd4eg.png,200,50,d,47,9,71,46
cd4eg.png,200,50,4,71,9,93,47
cd4eg.png,200,50,e,93,15,114,45
cd4eg.png,200,50,g,114,17,138,50
ccn2x.png,200,50,c,27,17,48,42
ccn2x.png,200,50,c,48,19,68,44
ccn2x.png,200,50,n,69,18,90,45
ccn2x.png,200,50,2,90,10,112,46
ccn2x.png,200,50,x,108,16,131,46
5fyem.png,200,50,5,30,11,49,45
5fyem.png,200,50,f,49,9,70,47
5fyem.png,200,50,y,69,18,88,50
5fyem.png,200,50,e,90,16,113,50
5fyem.png,200,50,m,112,19,138,50
8ypdn.png,200,50,8,28,10,50,42
8ypdn.png,200,50,y,49,18,72,50
8ypdn.png,200,50,p,74,18,98,50
8ypdn.png,200,50,d,97,10,120,46
8ypdn.png,200,50,n,119,18,142,44
dcnp8.png,200,50,d,28,10,52,44
dcnp8.png,200,50,c,52,17,73,45
dcnp8.png,200,50,n,73,16,94,47
dcnp8.png,200,50,p,94,16,117,50
dcnp8.png,200,50,8,117,11,138,46
3ny45.png,200,50,3,28,10,48,49
3ny45.png,200,50,n,47,18,69,50
3ny45.png,200,50,y,66,16,88,50
3ny45.png,200,50,4,90,9,114,50
3ny45.png,200,50,5,113,11,135,50
8d4wm.png,200,50,8,28,10,50,42
8d4wm.png,200,50,d,50,10,72,45
8d4wm.png,200,50,4,71,10,94,47
8d4wm.png,200,50,w,93,17,117,46
8d4wm.png,200,50,m,118,17,143,44
cwgyx.png,200,50,c,27,17,47,44
cwgyx.png,200,50,w,47,18,78,45
cwgyx.png,200,50,g,80,19,103,50
cwgyx.png,200,50,y,102,15,125,50
cwgyx.png,200,50,x,125,16,150,46
6pwcn.png,200,50,6,28,10,49,45
6pwcn.png,200,50,p,49,20,72,50
6pwcn.png,200,50,w,72,18,101,47
6pwcn.png,200,50,c,103,21,125,46
6pwcn.png,200,50,n,126,19,148,44
3p4nn.png,200,50,3,29,11,49,50
3p4nn.png,200,50,p,47,20,71,50
3p4nn.png,200,50,4,70,10,91,50
3p4nn.png,200,50,n,91,17,114,49
3p4nn.png,200,50,n,113,17,135,49
6dmx7.png,200,50,6,28,9,51,46
6dmx7.png,200,50,d,52,8,75,49
6dmx7.png,200,50,m,75,15,108,50
6dmx7.png,200,50,x,108,17,129,48
6dmx7.png,200,50,7,133,10,154,44
8n56m.png,200,50,8,29,11,50,43
8n56m.png,200,50,n,50,19,72,45
8n56m.png,200,50,5,71,10,90,46
8n56m.png,200,50,6,90,7,113,46
8n56m.png,200,50,m,112,19,136,44
46mbm.png,200,50,4,29,9,53,50
46mbm.png,200,50,6,52,8,72,47
46mbm.png,200,50,m,72,16,96,46
46mbm.png,200,50,b,94,7,117,46
46mbm.png,200,50,m,116,16,141,46
368y5.png,200,50,3,27,12,49,45
368y5.png,200,50,6,49,12,71,45
368y5.png,200,50,8,72,12,93,46
368y5.png,200,50,y,93,17,116,50
368y5.png,200,50,5,117,10,138,46
8y6b3.png,200,50,8,30,10,52,43
8y6b3.png,200,50,y,50,18,72,50
8y6b3.png,200,50,6,75,11,99,47
8y6b3.png,200,50,b,99,8,121,49
8y6b3.png,200,50,3,122,9,142,45
2yggg.png,200,50,2,30,10,52,50
2yggg.png,200,50,y,49,16,71,50
2yggg.png,200,50,g,71,18,96,50
2yggg.png,200,50,g,91,18,119,50
2yggg.png,200,50,g,117,17,141,50
2wx73.png,200,50,2,29,10,50,50
2wx73.png,200,50,w,48,15,79,50
2wx73.png,200,50,x,78,17,106,50
2wx73.png,200,50,7,104,9,125,50
2wx73.png,200,50,3,123,9,145,50
bbymy.png,200,50,b,29,9,53,44
bbymy.png,200,50,b,52,11,75,45
bbymy.png,200,50,y,75,17,94,50
bbymy.png,200,50,m,97,17,122,46
bbymy.png,200,50,y,121,19,143,50
7mgmf.png,200,50,7,31,10,53,50
7mgmf.png,200,50,m,49,20,72,45
7mgmf.png,200,50,g,72,19,94,50
7mgmf.png,200,50,m,93,18,118,44
7mgmf.png,200,50,f,117,9,139,45
bny4w.png,200,50,b,29,9,51,44
bny4w.png,200,50,n,51,20,72,46
bny4w.png,200,50,y,72,18,93,50
bny4w.png,200,50,4,95,10,119,46
bny4w.png,200,50,w,118,16,149,46
bmxpe.png,200,50,b,29,10,50,45
bmxpe.png,200,50,m,51,19,74,46
bmxpe.png,200,50,x,73,18,93,46
bmxpe.png,200,50,p,94,18,118,50
bmxpe.png,200,50,e,119,18,140,47
42xpy.png,200,50,4,28,10,54,46
42xpy.png,200,50,2,53,12,73,47
42xpy.png,200,50,x,71,16,92,47
42xpy.png,200,50,p,91,17,117,50
42xpy.png,200,50,y,115,17,138,50
8nn73.png,200,50,8,30,10,53,43
8nn73.png,200,50,n,53,19,73,47
8nn73.png,200,50,n,74,18,96,45
8nn73.png,200,50,7,97,9,117,45
8nn73.png,200,50,3,117,10,136,46
6wnyc.png,200,50,6,27,10,49,46
6wnyc.png,200,50,w,48,18,71,45
6wnyc.png,200,50,n,74,18,96,47
6wnyc.png,200,50,y,95,17,118,50
6wnyc.png,200,50,c,120,17,141,43
6mege.png,200,50,6,28,11,50,43
6mege.png,200,50,m,50,18,82,45
6mege.png,200,50,e,82,22,103,45
6mege.png,200,50,g,104,19,127,50
6mege.png,200,50,e,126,18,149,44
77n6g.png,200,50,7,29,10,50,46
77n6g.png,200,50,7,50,11,69,47
77n6g.png,200,50,n,67,17,88,46
77n6g.png,200,50,6,86,8,109,44
77n6g.png,200,50,g,109,18,132,50
3bd8f.png,200,50,3,29,8,50,45
3bd8f.png,200,50,b,49,8,73,50
3bd8f.png,200,50,d,71,11,95,50
3bd8f.png,200,50,8,95,9,117,49
3bd8f.png,200,50,f,116,9,139,49
7fmcy.png,200,50,7,30,10,50,43
7fmcy.png,200,50,f,48,10,65,46
7fmcy.png,200,50,m,66,17,101,46
7fmcy.png,200,50,c,100,16,120,47
7fmcy.png,200,50,y,119,17,142,49
6ng6n.png,200,50,6,29,10,49,44
6ng6n.png,200,50,n,50,21,70,45
6ng6n.png,200,50,g,70,20,92,50
6ng6n.png,200,50,6,92,9,113,44
6ng6n.png,200,50,n,112,19,134,46
8gmnx.png,200,50,8,29,10,50,44
8gmnx.png,200,50,g,50,19,73,50
8gmnx.png,200,50,m,72,18,104,45
8gmnx.png,200,50,n,105,19,126,46
8gmnx.png,200,50,x,125,18,148,47
37d52.png,200,50,3,28,10,49,42
37d52.png,200,50,7,51,11,73,46
37d52.png,200,50,d,68,12,91,47
37d52.png,200,50,5,93,9,113,46
37d52.png,200,50,2,112,12,132,47
2enf4.png,200,50,2,29,10,52,46
2enf4.png,200,50,e,48,19,71,50
2enf4.png,200,50,n,70,17,95,50
2enf4.png,200,50,f,91,7,117,50
2enf4.png,200,50,4,110,6,134,49
77wp4.png,200,50,7,30,10,50,43
77wp4.png,200,50,7,49,12,71,46
77wp4.png,200,50,w,69,17,99,49
77wp4.png,200,50,p,102,16,126,50
77wp4.png,200,50,4,126,11,147,45
6ecbn.png,200,50,6,27,10,52,43
6ecbn.png,200,50,e,52,21,73,44
6ecbn.png,200,50,c,73,20,95,47
6ecbn.png,200,50,b,94,10,115,47
6ecbn.png,200,50,n,116,19,138,45
c2yn8.png,200,50,c,29,19,51,43
c2yn8.png,200,50,2,52,15,69,44
c2yn8.png,200,50,y,69,18,90,50
c2yn8.png,200,50,n,92,19,113,44
c2yn8.png,200,50,8,115,12,135,45
5yxgp.png,200,50,5,31,10,50,43
5yxgp.png,200,50,y,48,19,70,50
5yxgp.png,200,50,x,71,18,94,46
5yxgp.png,200,50,g,95,19,119,50
5yxgp.png,200,50,p,118,18,143,50
4egem.png,200,50,4,28,10,50,50
4egem.png,200,50,e,51,20,72,50
4egem.png,200,50,g,72,17,95,50
4egem.png,200,50,e,95,15,117,50
4egem.png,200,50,m,117,18,142,46
8gmc4.png,200,50,8,29,11,50,43
8gmc4.png,200,50,g,50,18,71,50
8gmc4.png,200,50,m,71,17,95,47
8gmc4.png,200,50,c,94,16,115,44
8gmc4.png,200,50,4,115,11,137,43
43xfe.png,200,50,4,28,10,52,46
43xfe.png,200,50,3,52,13,72,46
43xfe.png,200,50,x,70,16,92,48
43xfe.png,200,50,f,94,7,117,44
43xfe.png,200,50,e,114,19,139,44
6wb76.png,200,50,6,28,10,51,44
6wb76.png,200,50,w,50,18,73,45
6wb76.png,200,50,b,76,10,98,46
6wb76.png,200,50,7,100,9,120,46
6wb76.png,200,50,6,117,8,141,45
243mm.png,200,50,2,30,11,50,44
243mm.png,200,50,4,47,12,69,47
243mm.png,200,50,3,69,11,88,45
243mm.png,200,50,m,89,17,122,49
243mm.png,200,50,m,121,17,145,44
c2g4d.png,200,50,c,28,18,48,44
c2g4d.png,200,50,2,49,13,69,46
c2g4d.png,200,50,g,67,17,90,50
c2g4d.png,200,50,4,88,8,112,48
c2g4d.png,200,50,d,111,9,135,47
b4y5x.png,200,50,b,29,9,52,45
b4y5x.png,200,50,4,52,10,74,46
b4y5x.png,200,50,y,73,17,97,50
b4y5x.png,200,50,5,100,8,119,44
b4y5x.png,200,50,x,115,18,140,45
8n5p3.png,200,50,8,29,13,50,43
8n5p3.png,200,50,n,50,18,72,46
8n5p3.png,200,50,5,72,10,91,46
8n5p3.png,200,50,p,89,16,112,50
8n5p3.png,200,50,3,112,14,132,45
66wp5.png,200,50,6,28,10,50,45
66wp5.png,200,50,6,50,9,72,45
66wp5.png,200,50,w,71,15,103,46
66wp5.png,200,50,p,105,17,131,50
66wp5.png,200,50,5,129,10,149,44
8b735.png,200,50,8,28,10,50,43
8b735.png,200,50,b,50,11,73,45
8b735.png,200,50,7,73,10,95,45
8b735.png,200,50,3,96,9,113,43
8b735.png,200,50,5,113,11,133,46
5n245.png,200,50,5,31,10,48,48
5n245.png,200,50,n,48,21,68,48
5n245.png,200,50,2,69,11,89,50
5n245.png,200,50,4,89,10,113,46
5n245.png,200,50,5,112,12,133,49
8c2wy.png,200,50,8,29,9,50,44
8c2wy.png,200,50,c,49,17,70,47
8c2wy.png,200,50,2,69,8,91,50
8c2wy.png,200,50,w,89,18,121,46
8c2wy.png,200,50,y,121,18,145,50
c2pg6.png,200,50,c,28,17,47,42
c2pg6.png,200,50,2,50,15,69,45
c2pg6.png,200,50,p,67,19,89,50
c2pg6.png,200,50,g,89,19,111,50
c2pg6.png,200,50,6,112,12,135,45
cb8cf.png,200,50,c,29,18,50,42
cb8cf.png,200,50,b,51,11,74,45
cb8cf.png,200,50,8,73,12,93,46
cb8cf.png,200,50,c,94,16,114,43
cb8cf.png,200,50,f,113,10,130,46
25w53.png,200,50,2,30,10,51,45
25w53.png,200,50,5,50,10,68,46
25w53.png,200,50,w,64,18,90,45
25w53.png,200,50,5,92,8,113,44
25w53.png,200,50,3,113,12,132,45
63824.png,200,50,6,28,10,50,43
63824.png,200,50,3,51,12,69,46
63824.png,200,50,8,70,11,92,47
63824.png,200,50,2,91,10,112,46
63824.png,200,50,4,111,10,133,43
befbd.png,200,50,b,29,10,52,45
befbd.png,200,50,e,53,19,74,45
befbd.png,200,50,f,75,10,95,45
befbd.png,200,50,b,95,9,116,45
befbd.png,200,50,d,117,8,140,45
bx5ed.jpg,200,50,b,29,10,52,45
bx5ed.jpg,200,50,x,51,18,72,45
bx5ed.jpg,200,50,5,76,11,95,47
bx5ed.jpg,200,50,e,95,16,113,44
bx5ed.jpg,200,50,d,114,9,138,45
6e554.png,200,50,6,27,9,52,46
6e554.png,200,50,e,53,19,74,44
6e554.png,200,50,5,74,12,94,50
6e554.png,200,50,5,93,9,112,50
6e554.png,200,50,4,113,11,134,47
8bbw8.png,200,50,8,29,10,50,43
8bbw8.png,200,50,b,50,10,70,46
8bbw8.png,200,50,b,72,9,94,47
8bbw8.png,200,50,w,92,16,117,46
8bbw8.png,200,50,8,120,10,143,44
2nbcx.png,200,50,2,29,11,50,46
2nbcx.png,200,50,n,48,16,69,50
2nbcx.png,200,50,b,67,8,92,50
2nbcx.png,200,50,c,91,13,114,50
2nbcx.png,200,50,x,110,17,136,50
7dgc2.png,200,50,7,29,10,51,45
7dgc2.png,200,50,d,50,11,72,46
7dgc2.png,200,50,g,71,19,94,50
7dgc2.png,200,50,c,95,17,116,46
7dgc2.png,200,50,2,116,13,138,44
56ncx.png,200,50,5,30,11,49,45
56ncx.png,200,50,6,47,12,71,45
56ncx.png,200,50,n,71,17,92,47
56ncx.png,200,50,c,92,16,112,46
56ncx.png,200,50,x,111,17,135,46
85622.png,200,50,8,27,11,51,43
85622.png,200,50,5,52,11,71,45
85622.png,200,50,6,69,9,92,46
85622.png,200,50,2,92,8,113,44
85622.png,200,50,2,112,11,135,46
c353e.png,200,50,c,28,17,49,42
c353e.png,200,50,3,51,12,70,45
c353e.png,200,50,5,72,10,91,45
c353e.png,200,50,3,90,9,107,48
c353e.png,200,50,e,106,19,130,48
7wnpm.png,200,50,7,31,10,52,44
7wnpm.png,200,50,w,46,19,72,46
7wnpm.png,200,50,n,75,19,96,48
7wnpm.png,200,50,p,94,17,119,50
7wnpm.png,200,50,m,118,17,153,46
dbex3.png,200,50,d,28,10,52,44
dbex3.png,200,50,b,52,13,75,46
dbex3.png,200,50,e,76,19,96,47
dbex3.png,200,50,x,97,18,119,46
dbex3.png,200,50,3,120,11,141,45
6ng6w.png,200,50,6,28,10,52,44
6ng6w.png,200,50,n,52,20,72,45
6ng6w.png,200,50,g,72,19,94,50
6ng6w.png,200,50,6,93,10,116,44
6ng6w.png,200,50,w,113,19,145,45
33f7m.png,200,50,3,30,10,50,43
33f7m.png,200,50,3,50,11,70,45
33f7m.png,200,50,f,69,7,87,45
33f7m.png,200,50,7,88,7,110,47
33f7m.png,200,50,m,105,21,134,47
2cgyx.png,200,50,2,29,10,51,50
2cgyx.png,200,50,c,46,19,67,50
2cgyx.png,200,50,g,67,18,90,50
2cgyx.png,200,50,y,88,18,113,50
2cgyx.png,200,50,x,112,18,137,47
4dw3w.png,200,50,4,29,9,53,50
4dw3w.png,200,50,d,51,7,74,50
4dw3w.png,200,50,w,73,16,97,50
4dw3w.png,200,50,3,99,9,121,48
4dw3w.png,200,50,w,119,17,150,50
8n62n.png,200,50,8,30,10,52,44
8n62n.png,200,50,n,52,19,74,46
8n62n.png,200,50,6,72,12,95,46
8n62n.png,200,50,2,96,8,116,47
8n62n.png,200,50,n,115,19,137,46
b5dn4.png,200,50,b,28,9,53,45
b5dn4.png,200,50,5,55,10,73,46
b5dn4.png,200,50,d,72,9,93,47
b5dn4.png,200,50,n,94,17,115,45
b5dn4.png,200,50,4,115,9,138,43
3n3cf.png,200,50,3,30,10,49,46
3n3cf.png,200,50,n,49,18,71,47
3n3cf.png,200,50,3,69,11,89,50
3n3cf.png,200,50,c,86,15,107,50
3n3cf.png,200,50,f,109,9,133,49
d666m.png,200,50,d,27,9,52,45
d666m.png,200,50,6,52,10,73,46
d666m.png,200,50,6,73,12,93,49
d666m.png,200,50,6,94,8,116,50
d666m.png,200,50,m,116,18,141,47
2n73f.png,200,50,2,29,11,50,46
2n73f.png,200,50,n,49,17,71,47
2n73f.png,200,50,7,70,9,91,48
2n73f.png,200,50,3,90,9,113,50
2n73f.png,200,50,f,108,9,132,50
5npdn.png,200,50,5,29,11,48,44
5npdn.png,200,50,n,48,20,68,46
5npdn.png,200,50,p,68,18,89,50
5npdn.png,200,50,d,90,8,112,47
5npdn.png,200,50,n,112,20,133,47
7nnnx.png,200,50,7,31,10,52,43
7nnnx.png,200,50,n,50,19,71,46
7nnnx.png,200,50,n,71,18,93,46
7nnnx.png,200,50,n,92,18,114,44
7nnnx.png,200,50,x,112,18,133,45
7gmf3.png,200,50,7,31,9,51,45
7gmf3.png,200,50,g,50,20,72,50
7gmf3.png,200,50,m,72,18,107,47
7gmf3.png,200,50,f,105,9,122,45
7gmf3.png,200,50,3,124,9,144,43
d66cn.png,200,50,d,29,10,50,43
d66cn.png,200,50,6,51,12,71,45
d66cn.png,200,50,6,72,12,94,47
d66cn.png,200,50,c,96,16,115,46
d66cn.png,200,50,n,116,19,137,46
664nf.png,200,50,6,28,10,50,43
664nf.png,200,50,6,49,11,71,45
664nf.png,200,50,4,71,11,92,48
664nf.png,200,50,n,94,17,114,49
664nf.png,200,50,f,114,10,133,46
85dxn.png,200,50,8,29,10,52,43
85dxn.png,200,50,5,53,10,71,46
85dxn.png,200,50,d,71,9,94,47
85dxn.png,200,50,x,94,15,115,46
85dxn.png,200,50,n,115,18,140,46
8d8ep.png,200,50,8,30,9,52,43
8d8ep.png,200,50,d,52,8,73,46
8d8ep.png,200,50,8,74,12,95,46
8d8ep.png,200,50,e,95,16,116,47
8d8ep.png,200,50,p,115,19,140,50
b55d6.png,200,50,b,28,9,52,44
b55d6.png,200,50,5,52,12,71,45
b55d6.png,200,50,5,72,9,89,45
b55d6.png,200,50,d,89,6,110,44
b55d6.png,200,50,6,113,9,135,46
5bnd7.png,200,50,5,30,11,48,46
5bnd7.png,200,50,b,48,10,71,50
5bnd7.png,200,50,n,70,16,93,50
5bnd7.png,200,50,d,91,8,113,50
5bnd7.png,200,50,7,114,9,137,50
4c8n8.png,200,50,4,27,9,53,50
4c8n8.png,200,50,c,53,18,72,50
4c8n8.png,200,50,8,74,11,96,50
4c8n8.png,200,50,n,95,16,118,50
4c8n8.png,200,50,8,118,11,141,50
56c34.png,200,50,5,29,11,48,43
56c34.png,200,50,6,48,11,69,45
56c34.png,200,50,c,68,17,88,46
56c34.png,200,50,3,88,11,107,46
56c34.png,200,50,4,107,9,131,47
24f6w.png,200,50,2,30,9,50,43
24f6w.png,200,50,4,48,9,72,45
24f6w.png,200,50,f,71,9,87,44
24f6w.png,200,50,6,87,8,109,46
24f6w.png,200,50,w,107,15,132,48
5mfff.png,200,50,5,30,10,49,44
5mfff.png,200,50,m,48,19,82,48
5mfff.png,200,50,f,81,11,98,49
5mfff.png,200,50,f,100,11,122,47
5mfff.png,200,50,f,119,9,137,50
2nbc5.jpg,200,50,2,27,9,49,50
2nbc5.jpg,200,50,n,48,10,69,49
2nbc5.jpg,200,50,b,67,9,92,50
2nbc5.jpg,200,50,c,90,13,111,50
2nbc5.jpg,200,50,5,110,12,131,49
6dd2y.png,200,50,6,27,9,52,42
6dd2y.png,200,50,d,52,9,74,44
6dd2y.png,200,50,d,74,11,95,47
6dd2y.png,200,50,2,96,10,117,47
6dd2y.png,200,50,y,115,17,136,50
2bg48.png,200,50,2,26,8,51,49
2bg48.png,200,50,b,50,9,74,49
2bg48.png,200,50,g,73,9,96,50
2bg48.png,200,50,4,95,9,119,50
2bg48.png,200,50,8,117,9,143,50
bgxcd.jpg,200,50,b,28,10,50,44
bgxcd.jpg,200,50,g,51,18,73,50
bgxcd.jpg,200,50,x,73,18,95,46
bgxcd.jpg,200,50,c,95,17,116,47
bgxcd.jpg,200,50,d,116,9,140,44
226md.png,200,50,2,30,11,51,45
226md.png,200,50,2,52,12,72,45
226md.png,200,50,6,71,11,92,45
226md.png,200,50,m,92,16,126,47
226md.png,200,50,d,126,9,149,45
36nx4.png,200,50,3,30,10,50,45
36nx4.png,200,50,6,50,12,70,44
36nx4.png,200,50,n,70,16,90,47
36nx4.png,200,50,x,88,18,114,47
36nx4.png,200,50,4,113,10,138,49
23n88.png,200,50,2,30,10,51,44
23n88.png,200,50,3,50,13,69,46
23n88.png,200,50,n,69,17,90,47
23n88.png,200,50,8,90,10,113,44
23n88.png,200,50,8,113,10,135,45
cnex4.png,200,50,c,27,17,48,44
cnex4.png,200,50,n,48,18,68,46
cnex4.png,200,50,e,68,19,89,46
cnex4.png,200,50,x,87,19,110,44
cnex4.png,200,50,4,111,12,134,45
3g2w6.png,200,50,3,30,9,49,43
3g2w6.png,200,50,g,49,19,72,50
3g2w6.png,200,50,2,72,10,93,50
3g2w6.png,200,50,w,92,17,122,49
3g2w6.png,200,50,6,123,12,147,44
84py4.jpg,200,50,8,29,10,52,43
84py4.jpg,200,50,4,52,12,73,43
84py4.jpg,200,50,p,73,17,97,50
84py4.jpg,200,50,y,96,15,118,50
84py4.jpg,200,50,4,120,9,142,42
cfw6e.png,200,50,c,27,18,48,42
cfw6e.png,200,50,f,49,11,71,45
cfw6e.png,200,50,w,67,18,91,46
cfw6e.png,200,50,6,93,11,115,45
cfw6e.png,200,50,e,115,18,137,44
5325m.png,200,50,5,30,10,50,43
5325m.png,200,50,3,49,12,67,47
5325m.png,200,50,2,68,10,89,45
5325m.png,200,50,5,90,8,108,45
5325m.png,200,50,m,105,17,130,46
74853.png,200,50,7,29,10,49,43
74853.png,200,50,4,49,11,69,46
74853.png,200,50,8,69,10,90,47
74853.png,200,50,5,91,9,110,45
74853.png,200,50,3,111,12,131,46
4nc37.png,200,50,4,28,9,52,47
4nc37.png,200,50,n,52,19,74,48
4nc37.png,200,50,c,72,19,92,50
4nc37.png,200,50,3,92,12,113,50
4nc37.png,200,50,7,113,11,136,48
bd3b7.png,200,50,b,28,11,50,44
bd3b7.png,200,50,d,51,10,73,46
bd3b7.png,200,50,3,73,11,91,46
bd3b7.png,200,50,b,92,10,113,44
bd3b7.png,200,50,7,115,10,136,45
5pm6b.png,200,50,5,32,10,48,43
5pm6b.png,200,50,p,47,20,69,50
5pm6b.png,200,50,n,71,16,104,47
5pm6b.png,200,50,6,104,13,124,46
5pm6b.png,200,50,b,124,11,149,44
c3572.png,200,50,c,28,17,48,44
c3572.png,200,50,3,49,13,67,45
c3572.png,200,50,5,69,11,88,44
c3572.png,200,50,7,88,9,107,45
c3572.png,200,50,2,107,10,126,46
7bb7b.png,200,50,7,31,10,51,43
7bb7b.png,200,50,b,51,10,73,46
7bb7b.png,200,50,b,74,9,96,47
7bb7b.png,200,50,7,98,8,118,45
7bb7b.png,200,50,b,117,12,141,47
4exnn.png,200,50,4,28,10,50,48
4exnn.png,200,50,e,50,20,72,46
4exnn.png,200,50,x,72,17,95,50
4exnn.png,200,50,n,96,18,118,50
4exnn.png,200,50,n,117,17,139,48
2cg58.png,200,50,2,27,10,51,45
2cg58.png,200,50,c,51,15,73,48
2cg58.png,200,50,g,71,15,97,50
2cg58.png,200,50,5,94,9,116,44
2cg58.png,200,50,8,113,8,135,46
bw44w.png,200,50,b,30,10,52,43
bw44w.png,200,50,w,52,18,82,44
bw44w.png,200,50,4,84,11,104,44
bw44w.png,200,50,4,107,13,128,46
bw44w.png,200,50,w,128,18,160,45
cen55.png,200,50,c,29,17,50,45
cen55.png,200,50,e,50,21,72,43
cen55.png,200,50,n,71,17,94,45
cen55.png,200,50,5,94,10,114,44
cen55.png,200,50,5,114,9,134,46
474ff.png,200,50,4,28,10,50,43
474ff.png,200,50,7,53,10,75,46
474ff.png,200,50,4,71,12,95,47
474ff.png,200,50,f,95,7,112,47
474ff.png,200,50,f,113,8,136,47
4fp5g.png,200,50,4,29,10,50,50
4fp5g.png,200,50,f,51,10,70,50
4fp5g.png,200,50,p,70,16,92,50
4fp5g.png,200,50,5,91,10,114,50
4fp5g.png,200,50,g,113,17,134,50
b2nen.png,200,50,b,29,10,53,44
b2nen.png,200,50,2,53,11,74,46
b2nen.png,200,50,n,73,16,94,46
b2nen.png,200,50,e,93,16,113,44
b2nen.png,200,50,n,114,18,136,45
d22bd.png,200,50,d,28,10,52,43
d22bd.png,200,50,2,54,11,73,45
d22bd.png,200,50,2,75,11,94,46
d22bd.png,200,50,b,94,9,117,44
d22bd.png,200,50,d,118,7,139,44
d236n.png,200,50,d,29,9,50,43
d236n.png,200,50,2,52,12,71,47
d236n.png,200,50,3,71,9,89,46
d236n.png,200,50,6,89,8,111,44
d236n.png,200,50,n,111,19,133,46
8e32m.png,200,50,8,29,12,50,44
8e32m.png,200,50,e,50,19,71,46
8e32m.png,200,50,3,71,10,92,45
8e32m.png,200,50,2,92,8,112,46
8e32m.png,200,50,m,112,18,148,46
2gyb6.png,200,50,2,28,10,50,46
2gyb6.png,200,50,g,47,18,69,50
2gyb6.png,200,50,y,69,18,94,50
2gyb6.png,200,50,b,92,10,118,48
2gyb6.png,200,50,6,116,7,143,48
5ywwf.png,200,50,5,32,9,50,44
5ywwf.png,200,50,y,48,19,70,50
5ywwf.png,200,50,w,70,17,103,46
5ywwf.png,200,50,w,102,16,127,47
5ywwf.png,200,50,f,131,10,153,45
4m2w5.png,200,50,4,24,12,51,43
4m2w5.png,200,50,m,50,20,86,50
4m2w5.png,200,50,2,84,12,104,47
4m2w5.png,200,50,w,102,17,133,50
4m2w5.png,200,50,5,136,11,156,46
5n3w4.png,200,50,5,29,12,49,46
5n3w4.png,200,50,n,48,19,69,49
5n3w4.png,200,50,3,68,11,88,50
5n3w4.png,200,50,w,87,17,119,50
5n3w4.png,200,50,4,120,12,142,46
cx3wg.png,200,50,c,27,17,48,44
cx3wg.png,200,50,x,48,18,68,44
cx3wg.png,200,50,3,70,11,89,46
cx3wg.png,200,50,w,88,18,121,47
cx3wg.png,200,50,g,123,17,146,50
cfc56.png,200,50,c,29,16,50,44
cfc56.png,200,50,f,50,11,67,45
cfc56.png,200,50,c,67,17,88,47
cfc56.png,200,50,5,88,9,106,44
cfc56.png,200,50,6,106,12,127,46
dd764.png,200,50,d,27,10,52,45
dd764.png,200,50,d,52,9,75,45
dd764.png,200,50,7,77,10,97,45
dd764.png,200,50,6,95,10,116,44
dd764.png,200,50,4,116,10,139,43
6xxdx.png,200,50,6,28,10,52,42
6xxdx.png,200,50,x,51,19,73,45
6xxdx.png,200,50,x,74,17,97,45
6xxdx.png,200,50,d,99,12,123,45
6xxdx.png,200,50,x,123,18,144,44
5n732.png,200,50,5,30,11,48,50
5n732.png,200,50,n,48,19,70,45
5n732.png,200,50,7,71,10,91,44
5n732.png,200,50,3,91,10,112,46
5n732.png,200,50,2,112,11,131,46
cgcgb.png,200,50,c,29,17,51,44
cgcgb.png,200,50,g,51,19,72,50
cgcgb.png,200,50,c,71,18,91,48
cgcgb.png,200,50,g,93,17,116,50
cgcgb.png,200,50,b,115,12,137,45
c6f8g.png,200,50,c,27,18,48,42
c6f8g.png,200,50,6,48,13,69,45
c6f8g.png,200,50,f,69,9,85,44
c6f8g.png,200,50,8,86,9,107,47
c6f8g.png,200,50,g,107,20,132,50
d378n.png,200,50,d,28,9,51,44
d378n.png,200,50,3,52,12,72,46
d378n.png,200,50,7,72,9,91,46
d378n.png,200,50,8,92,8,112,45
d378n.png,200,50,n,113,20,134,46
4gb3f.png,200,50,4,28,12,50,49
4gb3f.png,200,50,g,51,16,73,50
4gb3f.png,200,50,b,72,10,97,50
4gb3f.png,200,50,3,95,10,117,49
4gb3f.png,200,50,f,116,10,138,48
cewnm.png,200,50,c,29,18,50,44
cewnm.png,200,50,e,50,20,70,44
cewnm.png,200,50,w,70,17,94,46
cewnm.png,200,50,n,96,17,117,44
cewnm.png,200,50,m,117,19,153,45
cdf77.png,200,50,c,29,18,51,42
cdf77.png,200,50,d,50,10,72,44
cdf77.png,200,50,f,73,10,89,45
cdf77.png,200,50,7,92,8,113,46
cdf77.png,200,50,7,114,10,135,47
7b4bm.png,200,50,7,30,10,49,43
7b4bm.png,200,50,b,49,9,71,46
7b4bm.png,200,50,4,71,10,94,47
7b4bm.png,200,50,b,94,8,115,45
7b4bm.png,200,50,m,116,18,151,46
be3bp.png,200,50,b,29,10,50,43
be3bp.png,200,50,e,51,21,72,45
be3bp.png,200,50,3,72,11,90,46
be3bp.png,200,50,b,91,9,112,45
be3bp.png,200,50,p,113,19,137,50
58pnp.png,200,50,5,29,11,49,43
58pnp.png,200,50,8,48,13,69,45
58pnp.png,200,50,p,68,17,91,50
58pnp.png,200,50,n,91,17,112,48
58pnp.png,200,50,p,111,17,134,50
43mn5.png,200,50,4,28,10,53,45
43mn5.png,200,50,3,53,12,72,46
43mn5.png,200,50,m,72,16,106,46
43mn5.png,200,50,n,105,17,126,45
43mn5.png,200,50,5,127,10,146,43
28x47.png,200,50,2,30,9,51,44
28x47.png,200,50,8,50,12,71,46
28x47.png,200,50,x,70,16,93,46
28x47.png,200,50,4,92,9,116,44
28x47.png,200,50,7,117,9,140,46
478nx.png,200,50,4,29,11,51,44
478nx.png,200,50,7,53,10,74,46
478nx.png,200,50,8,72,11,93,47
478nx.png,200,50,n,92,17,115,46
478nx.png,200,50,x,113,19,134,45
55y2m.png,200,50,5,30,11,50,44
55y2m.png,200,50,5,52,12,69,46
55y2m.png,200,50,y,64,18,88,50
55y2m.png,200,50,2,91,10,112,47
55y2m.png,200,50,m,110,19,145,45
58b5m.png,200,50,5,29,10,49,44
58b5m.png,200,50,8,48,13,68,46
58b5m.png,200,50,b,69,8,91,45
58b5m.png,200,50,5,91,9,110,44
58b5m.png,200,50,m,108,19,135,46
87nym.png,200,50,8,29,11,51,43
87nym.png,200,50,7,52,11,73,48
87nym.png,200,50,n,71,18,92,47
87nym.png,200,50,y,91,17,112,49
87nym.png,200,50,m,113,17,139,47
byfgn.png,200,50,b,29,10,50,44
byfgn.png,200,50,y,50,18,71,50
byfgn.png,200,50,f,76,9,98,45
byfgn.png,200,50,g,95,17,117,50
byfgn.png,200,50,n,119,18,140,46
677g3.png,200,50,6,28,10,50,43
677g3.png,200,50,7,52,9,73,46
677g3.png,200,50,7,73,9,91,46
677g3.png,200,50,g,88,17,112,50
677g3.png,200,50,3,113,12,133,45
76353.png,200,50,7,29,10,49,44
76353.png,200,50,6,48,11,68,45
76353.png,200,50,3,70,9,90,47
76353.png,200,50,5,91,9,109,46
76353.png,200,50,3,109,11,128,46
d2n8x.jpg,200,50,d,27,10,53,44
d2n8x.jpg,200,50,2,53,11,73,44
d2n8x.jpg,200,50,n,74,17,95,46
d2n8x.jpg,200,50,8,96,10,117,45
d2n8x.jpg,200,50,x,117,18,139,46
5xwcg.png,200,50,5,30,11,49,44
5xwcg.png,200,50,x,48,19,70,46
5xwcg.png,200,50,w,71,17,102,46
5xwcg.png,200,50,c,104,20,126,46
5xwcg.png,200,50,g,124,18,149,50
6825y.png,200,50,6,29,10,52,43
6825y.png,200,50,8,54,11,75,44
6825y.png,200,50,2,76,11,96,46
6825y.png,200,50,5,96,9,114,46
6825y.png,200,50,y,110,19,134,50
77387.png,200,50,7,29,11,50,43
77387.png,200,50,7,49,11,68,46
77387.png,200,50,3,68,11,85,47
77387.png,200,50,8,86,11,106,45
77387.png,200,50,7,109,10,131,46
3nw7w.png,200,50,3,30,10,51,50
3nw7w.png,200,50,n,50,15,71,50
3nw7w.png,200,50,w,69,17,100,50
3nw7w.png,200,50,7,102,10,127,50
3nw7w.png,200,50,w,123,16,157,50
b43nw.png,200,50,b,29,10,50,44
b43nw.png,200,50,4,51,11,72,44
b43nw.png,200,50,3,74,11,92,46
b43nw.png,200,50,n,93,18,112,45
b43nw.png,200,50,w,111,18,135,46
5p8fm.png,200,50,5,29,11,48,44
5p8fm.png,200,50,p,48,19,72,50
5p8fm.png,200,50,8,73,12,95,49
5p8fm.png,200,50,f,94,8,111,45
5p8fm.png,200,50,m,110,19,136,45
662bw.png,200,50,6,28,9,52,42
662bw.png,200,50,6,52,9,73,43
662bw.png,200,50,2,74,10,94,45
662bw.png,200,50,b,94,9,114,44
662bw.png,200,50,w,115,17,147,45
7634y.png,200,50,7,30,10,51,44
7634y.png,200,50,6,47,11,69,48
7634y.png,200,50,3,69,10,89,46
7634y.png,200,50,4,87,8,108,44
7634y.png,200,50,y,107,17,131,50
44xe8.png,200,50,4,28,10,53,46
44xe8.png,200,50,4,53,10,76,44
44xe8.png,200,50,x,75,17,98,46
44xe8.png,200,50,e,98,17,122,46
44xe8.png,200,50,8,121,12,142,45
5nm6d.png,200,50,5,31,11,48,43
5nm6d.png,200,50,n,48,19,68,47
5nm6d.png,200,50,m,68,19,90,49
5nm6d.png,200,50,6,90,9,112,47
5nm6d.png,200,50,d,113,9,136,46
7xcyd.png,200,50,7,31,9,50,46
7xcyd.png,200,50,x,48,19,71,46
7xcyd.png,200,50,c,72,18,94,47
7xcyd.png,200,50,y,92,17,115,50
7xcyd.png,200,50,d,115,9,141,44
bnc2f.png,200,50,b,29,10,52,43
bnc2f.png,200,50,n,53,20,71,44
bnc2f.png,200,50,c,71,18,93,44
bnc2f.png,200,50,2,92,8,113,43
bnc2f.png,200,50,f,113,8,135,44
cfn53.png,200,50,c,28,18,50,44
cfn53.png,200,50,f,50,11,67,46
cfn53.png,200,50,n,68,17,89,46
cfn53.png,200,50,5,89,10,108,45
cfn53.png,200,50,3,108,11,127,46
76nxn.png,200,50,7,30,10,52,47
76nxn.png,200,50,6,49,11,72,49
76nxn.png,200,50,n,73,17,94,46
76nxn.png,200,50,x,93,17,115,46
76nxn.png,200,50,n,115,17,139,46
d75b5.png,200,50,d,28,9,52,44
d75b5.png,200,50,7,55,10,75,45
d75b5.png,200,50,5,75,11,92,46
d75b5.png,200,50,b,92,9,113,48
d75b5.png,200,50,5,116,9,135,48
b35f6.png,200,50,b,28,9,52,45
b35f6.png,200,50,3,53,12,72,46
b35f6.png,200,50,5,73,12,92,45
b35f6.png,200,50,f,93,8,113,47
b35f6.png,200,50,6,112,11,134,46
82fx2.png,200,50,8,29,11,51,43
82fx2.png,200,50,2,51,11,72,46
82fx2.png,200,50,f,72,10,94,47
82fx2.png,200,50,x,92,18,115,48
82fx2.png,200,50,2,115,11,138,46
3x325.png,200,50,3,31,10,50,50
3x325.png,200,50,x,48,18,69,50
3x325.png,200,50,3,72,11,94,50
3x325.png,200,50,2,93,10,113,48
3x325.png,200,50,5,113,10,132,48
8684m.png,200,50,8,29,9,51,43
8684m.png,200,50,6,51,11,72,45
8684m.png,200,50,8,74,12,93,46
8684m.png,200,50,4,94,10,114,44
8684m.png,200,50,m,115,16,152,46
5mgn4.png,200,50,5,31,10,50,50
5mgn4.png,200,50,m,47,18,70,50
5mgn4.png,200,50,g,69,18,92,50
5mgn4.png,200,50,n,92,18,116,50
5mgn4.png,200,50,4,113,14,134,50
bdbb3.png,200,50,b,30,10,52,46
bdbb3.png,200,50,d,52,10,73,45
bdbb3.png,200,50,b,74,9,97,46
bdbb3.png,200,50,b,97,10,119,46
bdbb3.png,200,50,3,120,11,140,43
44c22.png,200,50,4,27,9,52,46
44c22.png,200,50,4,52,12,73,44
44c22.png,200,50,c,73,19,96,47
44c22.png,200,50,2,95,8,117,47
44c22.png,200,50,2,116,10,139,46
7p852.png,200,50,7,31,10,52,43
7p852.png,200,50,p,50,19,75,50
7p852.png,200,50,8,74,11,97,46
7p852.png,200,50,5,98,8,118,46
7p852.png,200,50,2,117,10,139,50
cdfen.png,200,50,c,28,17,48,45
cdfen.png,200,50,d,49,11,70,45
cdfen.png,200,50,f,70,10,87,43
cdfen.png,200,50,e,86,16,110,46
cdfen.png,200,50,n,109,18,132,47
bnc5f.png,200,50,b,29,9,52,43
bnc5f.png,200,50,n,53,17,72,45
bnc5f.png,200,50,c,72,17,90,48
bnc5f.png,200,50,5,93,9,111,45
bnc5f.png,200,50,f,110,10,127,47
5dxnm.png,200,50,5,29,12,49,48
5dxnm.png,200,50,d,48,12,70,48
5dxnm.png,200,50,x,70,17,92,47
5dxnm.png,200,50,n,92,19,115,47
5dxnm.png,200,50,m,114,19,138,46
dd5w5.png,200,50,d,28,10,51,45
dd5w5.png,200,50,d,51,9,74,46
dd5w5.png,200,50,5,75,11,94,47
dd5w5.png,200,50,w,91,18,117,45
dd5w5.png,200,50,5,121,10,141,44
c4mcm.png,200,50,c,28,17,48,42
c4mcm.png,200,50,4,48,11,72,44
c4mcm.png,200,50,m,72,17,105,45
c4mcm.png,200,50,c,104,18,124,47
c4mcm.png,200,50,m,124,18,147,46
d3c7y.png,200,50,d,28,9,53,45
d3c7y.png,200,50,3,52,11,71,45
d3c7y.png,200,50,c,70,17,91,46
d3c7y.png,200,50,7,92,10,114,44
d3c7y.png,200,50,y,110,20,131,50
8cccc.png,200,50,8,30,9,52,45
8cccc.png,200,50,c,53,17,72,45
8cccc.png,200,50,c,72,19,93,47
8cccc.png,200,50,c,91,17,110,45
8cccc.png,200,50,c,109,18,133,46
3fbxd.png,200,50,3,29,11,50,44
3fbxd.png,200,50,f,50,9,70,47
3fbxd.png,200,50,b,70,9,90,50
3fbxd.png,200,50,x,90,16,114,50
3fbxd.png,200,50,d,114,9,140,50
3ygde.png,200,50,3,30,10,49,47
3ygde.png,200,50,y,47,17,69,50
3ygde.png,200,50,g,72,18,94,50
3ygde.png,200,50,d,95,10,117,46
3ygde.png,200,50,e,116,17,138,50
8n5pn.png,200,50,8,30,10,52,43
8n5pn.png,200,50,n,52,20,73,45
8n5pn.png,200,50,5,73,11,92,46
8n5pn.png,200,50,p,91,18,114,50
8n5pn.png,200,50,n,114,19,136,46
7gp47.png,200,50,7,31,9,51,46
7gp47.png,200,50,g,48,20,71,50
7gp47.png,200,50,p,72,19,95,50
7gp47.png,200,50,4,94,9,116,49
7gp47.png,200,50,7,117,10,138,46
7fde7.png,200,50,7,30,10,50,43
7fde7.png,200,50,f,48,10,65,46
7fde7.png,200,50,d,66,10,87,48
7fde7.png,200,50,e,87,16,109,45
7fde7.png,200,50,7,109,12,132,46
cc845.png,200,50,c,29,16,50,46
cc845.png,200,50,c,50,18,67,45
cc845.png,200,50,8,69,12,92,47
cc845.png,200,50,4,91,8,116,46
cc845.png,200,50,5,115,10,135,46
4743p.png,200,50,4,28,9,52,44
4743p.png,200,50,7,54,9,76,46
4743p.png,200,50,4,73,13,93,46
4743p.png,200,50,3,96,9,115,45
4743p.png,200,50,p,115,19,139,50
3wnd3.png,200,50,3,28,12,48,46
3wnd3.png,200,50,w,47,17,71,50
3wnd3.png,200,50,n,73,18,94,50
3wnd3.png,200,50,d,93,9,116,50
3wnd3.png,200,50,3,116,11,139,50
bgem5.png,200,50,b,29,9,52,45
bgem5.png,200,50,g,52,19,73,50
bgem5.png,200,50,e,75,20,96,47
bgem5.png,200,50,m,97,19,131,46
bgem5.png,200,50,5,131,11,150,43
44ype.png,200,50,4,28,10,53,45
44ype.png,200,50,4,52,10,75,43
44ype.png,200,50,y,73,17,97,50
44ype.png,200,50,p,98,16,119,50
44ype.png,200,50,e,120,16,143,50
6f2yc.png,200,50,6,28,9,52,43
6f2yc.png,200,50,f,53,8,74,45
6f2yc.png,200,50,2,75,11,93,49
6f2yc.png,200,50,y,93,18,113,50
6f2yc.png,200,50,c,114,17,135,50
5x7x5.png,200,50,5,31,10,50,45
5x7x5.png,200,50,x,47,19,71,46
5x7x5.png,200,50,7,71,11,92,47
5x7x5.png,200,50,x,92,18,113,47
5x7x5.png,200,50,5,114,11,135,46
3ym7f.png,200,50,3,30,10,50,46
3ym7f.png,200,50,y,49,18,72,50
3ym7f.png,200,50,m,72,18,109,50
3ym7f.png,200,50,7,107,10,127,47
3ym7f.png,200,50,f,125,7,143,46
6p2ge.png,200,50,6,29,9,51,42
6p2ge.png,200,50,p,51,19,75,50
6p2ge.png,200,50,2,74,11,96,50
6p2ge.png,200,50,g,94,17,117,50
6p2ge.png,200,50,e,117,20,138,44
5ng6e.png,200,50,5,30,11,49,46
5ng6e.png,200,50,n,48,18,68,47
5ng6e.png,200,50,g,68,19,90,50
5ng6e.png,200,50,6,89,9,113,50
5ng6e.png,200,50,e,113,19,135,49
b84xc.png,200,50,b,28,10,50,43
b84xc.png,200,50,8,52,13,71,46
b84xc.png,200,50,4,72,12,92,45
b84xc.png,200,50,x,93,17,116,46
b84xc.png,200,50,c,117,17,139,46
4fc36.png,200,50,4,27,11,50,50
4fc36.png,200,50,f,53,9,75,50
4fc36.png,200,50,c,71,18,92,50
4fc36.png,200,50,3,92,8,114,47
4fc36.png,200,50,6,112,9,133,50
253dc.png,200,50,2,29,9,51,45
253dc.png,200,50,5,50,12,70,46
253dc.png,200,50,3,70,10,86,45
253dc.png,200,50,d,88,6,110,45
253dc.png,200,50,c,109,15,131,46
7f8b3.png,200,50,7,29,10,51,44
7f8b3.png,200,50,f,49,9,71,45
7f8b3.png,200,50,8,69,9,92,49
7f8b3.png,200,50,b,92,10,116,46
7f8b3.png,200,50,3,115,12,136,44
2wc38.png,200,50,2,29,10,52,46
2wc38.png,200,50,w,49,18,82,50
2wc38.png,200,50,c,80,18,104,49
2wc38.png,200,50,3,101,11,124,50
2wc38.png,200,50,8,121,10,149,50
3den6.png,200,50,3,27,10,49,50
3den6.png,200,50,d,48,9,70,50
3den6.png,200,50,e,68,17,89,50
3den6.png,200,50,n,90,17,115,50
3den6.png,200,50,6,112,11,135,50
38n57.png,200,50,3,29,10,48,46
38n57.png,200,50,8,48,13,69,44
38n57.png,200,50,n,68,17,91,46
38n57.png,200,50,5,90,9,111,44
38n57.png,200,50,7,110,9,132,47
bf52c.png,200,50,b,29,10,50,45
bf52c.png,200,50,f,51,10,68,46
bf52c.png,200,50,5,71,8,90,46
bf52c.png,200,50,2,90,9,108,46
bf52c.png,200,50,c,106,19,129,46
b5nmm.png,200,50,b,28,9,50,44
b5nmm.png,200,50,5,52,11,70,46
b5nmm.png,200,50,n,71,16,90,45
b5nmm.png,200,50,m,91,18,114,45
b5nmm.png,200,50,m,114,20,149,44
823p2.png,200,50,8,31,9,53,43
823p2.png,200,50,2,53,13,73,45
823p2.png,200,50,3,72,9,91,46
823p2.png,200,50,p,91,14,115,50
823p2.png,200,50,2,115,10,137,49
6e2dg.png,200,50,6,28,11,50,44
6e2dg.png,200,50,e,50,20,70,44
6e2dg.png,200,50,2,71,11,92,50
6e2dg.png,200,50,d,89,9,113,45
6e2dg.png,200,50,g,113,18,135,50
bny23.png,200,50,b,28,11,50,45
bny23.png,200,50,n,52,19,72,46
bny23.png,200,50,y,72,18,92,50
bny23.png,200,50,2,97,9,116,46
bny23.png,200,50,3,115,11,134,45
6fn84.png,200,50,6,28,8,53,42
6fn84.png,200,50,f,54,9,75,46
6fn84.png,200,50,n,72,19,93,48
6fn84.png,200,50,8,93,10,113,44
6fn84.png,200,50,4,114,10,135,45
3ebnn.png,200,50,3,29,11,49,45
3ebnn.png,200,50,e,49,20,70,49
3ebnn.png,200,50,b,70,8,94,50
3ebnn.png,200,50,n,92,15,114,49
3ebnn.png,200,50,n,115,19,137,49
34fxm.png,200,50,3,30,10,50,43
34fxm.png,200,50,4,49,12,69,44
34fxm.png,200,50,f,70,10,88,44
34fxm.png,200,50,x,87,18,112,46
34fxm.png,200,50,m,111,18,149,47
6mygb.png,200,50,6,28,11,50,43
6mygb.png,200,50,m,50,19,85,47
6mygb.png,200,50,y,82,18,103,50
6mygb.png,200,50,g,105,18,129,50
6mygb.png,200,50,b,129,9,152,45
33n73.png,200,50,3,29,11,49,43
33n73.png,200,50,3,49,12,69,46
33n73.png,200,50,n,68,16,91,46
33n73.png,200,50,7,90,7,112,47
33n73.png,200,50,3,110,11,132,50
d2ycw.png,200,50,d,27,9,51,43
d2ycw.png,200,50,2,52,13,71,45
d2ycw.png,200,50,y,69,15,91,50
d2ycw.png,200,50,c,93,12,114,46
d2ycw.png,200,50,w,112,17,134,45
4w6mw.png,200,50,4,28,9,50,46
4w6mw.png,200,50,w,50,18,81,47
4w6mw.png,200,50,6,82,9,106,48
4w6mw.png,200,50,m,106,17,129,50
4w6mw.png,200,50,w,128,18,151,50
d3ycn.png,200,50,d,27,9,52,45
d3ycn.png,200,50,3,53,13,71,45
d3ycn.png,200,50,y,70,17,93,50
d3ycn.png,200,50,c,94,16,115,47
d3ycn.png,200,50,n,116,20,137,45
cpc8c.png,200,50,c,29,18,51,44
cpc8c.png,200,50,p,50,19,73,50
cpc8c.png,200,50,c,73,19,95,46
cpc8c.png,200,50,8,95,9,116,45
cpc8c.png,200,50,c,116,17,136,45
62nb3.png,200,50,6,28,9,52,43
62nb3.png,200,50,2,53,12,74,45
62nb3.png,200,50,n,71,17,92,45
62nb3.png,200,50,b,90,9,114,46
62nb3.png,200,50,3,113,10,134,47
32dnn.png,200,50,3,28,11,49,43
32dnn.png,200,50,2,49,12,70,45
32dnn.png,200,50,d,70,10,90,47
32dnn.png,200,50,n,92,15,112,48
32dnn.png,200,50,n,112,19,134,46
2x7bm.png,200,50,2,29,10,50,47
2x7bm.png,200,50,x,48,14,70,50
2x7bm.png,200,50,7,71,10,90,50
2x7bm.png,200,50,b,93,8,113,50
2x7bm.png,200,50,m,111,14,139,50
57gnx.png,200,50,5,29,11,49,44
57gnx.png,200,50,7,51,10,72,46
57gnx.png,200,50,g,69,18,91,50
57gnx.png,200,50,n,90,17,113,45
57gnx.png,200,50,x,112,15,134,46
5bgp2.png,200,50,5,30,9,49,49
5bgp2.png,200,50,b,49,9,72,50
5bgp2.png,200,50,g,71,18,93,50
5bgp2.png,200,50,p,92,18,115,50
5bgp2.png,200,50,2,115,13,138,46
24pew.png,200,50,2,30,11,50,47
24pew.png,200,50,4,49,10,73,50
24pew.png,200,50,p,71,16,95,50
24pew.png,200,50,e,94,16,115,48
24pew.png,200,50,w,114,18,138,46
cwmny.png,200,50,c,28,17,48,44
cwmny.png,200,50,w,47,17,78,44
cwmny.png,200,50,m,81,17,116,45
cwmny.png,200,50,n,115,18,136,43
cwmny.png,200,50,y,135,16,158,50
5expp.png,200,50,5,31,9,50,49
5expp.png,200,50,e,49,20,71,50
5expp.png,200,50,x,69,18,92,50
5expp.png,200,50,p,91,18,115,50
5expp.png,200,50,p,115,18,139,50
b6f2p.png,200,50,b,28,9,50,45
b6f2p.png,200,50,6,50,10,72,45
b6f2p.png,200,50,f,73,11,93,45
b6f2p.png,200,50,2,95,8,114,46
b6f2p.png,200,50,p,115,18,139,50
84w7x.png,200,50,8,29,11,50,44
84w7x.png,200,50,4,50,10,73,46
84w7x.png,200,50,w,72,16,104,46
84w7x.png,200,50,7,107,10,130,46
84w7x.png,200,50,x,126,18,148,46
8np22.png,200,50,8,30,10,52,43
8np22.png,200,50,n,52,17,74,45
8np22.png,200,50,p,73,17,97,50
8np22.png,200,50,2,97,9,117,49
8np22.png,200,50,2,117,11,136,46
8g4yp.png,200,50,8,28,11,50,43
8g4yp.png,200,50,g,50,19,71,50
8g4yp.png,200,50,4,70,13,91,47
8g4yp.png,200,50,y,92,18,116,50
8g4yp.png,200,50,p,116,18,142,50
445cc.png,200,50,4,28,10,50,45
445cc.png,200,50,4,50,10,75,44
445cc.png,200,50,5,75,10,93,45
445cc.png,200,50,c,93,15,112,43
445cc.png,200,50,c,111,19,133,45
2mg87.png,200,50,2,30,10,52,48
2mg87.png,200,50,m,47,17,73,46
2mg87.png,200,50,g,71,18,96,50
2mg87.png,200,50,8,95,8,120,47
2mg87.png,200,50,7,118,8,142,47
c753e.png,200,50,c,28,18,48,42
c753e.png,200,50,7,50,11,72,46
c753e.png,200,50,5,72,9,89,47
c753e.png,200,50,3,89,8,106,44
c753e.png,200,50,e,107,21,130,46
b4ncn.png,200,50,b,28,9,52,44
b4ncn.png,200,50,4,52,11,73,44
b4ncn.png,200,50,n,73,17,95,47
b4ncn.png,200,50,c,94,15,114,45
b4ncn.png,200,50,n,114,19,137,46
244e2.png,200,50,2,29,9,51,44
244e2.png,200,50,4,50,9,73,44
244e2.png,200,50,4,73,12,95,46
244e2.png,200,50,e,95,16,118,46
244e2.png,200,50,2,118,11,140,46
c7nn8.png,200,50,c,29,18,52,43
c7nn8.png,200,50,7,51,12,71,46
c7nn8.png,200,50,n,69,17,89,48
c7nn8.png,200,50,n,89,17,109,46
c7nn8.png,200,50,8,109,14,130,45
c4bgd.png,200,50,c,27,17,47,42
c4bgd.png,200,50,4,48,11,72,43
c4bgd.png,200,50,b,72,9,92,46
c4bgd.png,200,50,g,93,16,114,50
c4bgd.png,200,50,d,115,9,137,45
8xef7.png,200,50,8,29,10,51,42
8xef7.png,200,50,x,49,17,72,46
8xef7.png,200,50,e,73,19,97,45
8xef7.png,200,50,f,94,8,114,47
8xef7.png,200,50,7,114,9,137,46
268g2.png,200,50,2,29,11,50,46
268g2.png,200,50,6,48,10,72,46
268g2.png,200,50,8,72,8,94,46
268g2.png,200,50,g,94,15,117,50
268g2.png,200,50,2,117,11,137,46
3p67n.png,200,50,3,30,11,49,48
3p67n.png,200,50,p,48,17,71,50
3p67n.png,200,50,6,71,11,95,50
3p67n.png,200,50,7,96,9,117,50
3p67n.png,200,50,n,115,18,138,50
b685n.png,200,50,b,29,10,51,44
b685n.png,200,50,6,51,12,71,46
b685n.png,200,50,8,72,13,93,46
b685n.png,200,50,5,95,10,113,44
b685n.png,200,50,n,112,18,132,44
3cpwb.png,200,50,3,29,10,51,50
3cpwb.png,200,50,c,50,17,70,50
3cpwb.png,200,50,p,70,17,92,50
3cpwb.png,200,50,w,90,17,115,50
3cpwb.png,200,50,b,116,12,143,50
428b6.png,200,50,4,28,10,51,44
428b6.png,200,50,2,52,12,72,46
428b6.png,200,50,8,71,11,93,45
428b6.png,200,50,b,93,8,115,44
428b6.png,200,50,6,114,8,138,45
43p5d.png,200,50,4,28,10,53,44
43p5d.png,200,50,3,52,12,71,46
43p5d.png,200,50,p,70,17,95,50
43p5d.png,200,50,5,96,8,116,45
43p5d.png,200,50,d,112,6,136,50
d7c5x.png,200,50,d,27,10,53,44
d7c5x.png,200,50,7,53,11,73,45
d7c5x.png,200,50,c,71,19,92,46
d7c5x.png,200,50,5,95,10,113,42
d7c5x.png,200,50,x,110,19,133,45
5nggg.png,200,50,5,30,12,48,45
5nggg.png,200,50,n,48,19,69,46
5nggg.png,200,50,g,70,20,90,50
5nggg.png,200,50,g,92,19,115,50
5nggg.png,200,50,g,115,19,136,50
c2fb7.png,200,50,c,28,17,47,44
c2fb7.png,200,50,2,49,14,69,46
c2fb7.png,200,50,f,67,8,84,45
c2fb7.png,200,50,b,85,10,109,46
c2fb7.png,200,50,7,110,10,133,46
5ep3n.png,200,50,5,31,10,49,47
5ep3n.png,200,50,e,49,19,68,50
5ep3n.png,200,50,p,69,17,92,50
5ep3n.png,200,50,3,93,11,112,45
5ep3n.png,200,50,n,112,17,134,48
7wn74.png,200,50,7,31,10,52,43
7wn74.png,200,50,w,47,19,72,45
7wn74.png,200,50,n,74,19,96,45
7wn74.png,200,50,7,96,10,116,44
7wn74.png,200,50,4,113,8,138,45
47e4p.png,200,50,4,28,11,50,43
47e4p.png,200,50,7,52,11,72,45
47e4p.png,200,50,e,69,19,90,47
47e4p.png,200,50,4,90,9,110,44
47e4p.png,200,50,p,111,17,134,49
488de.png,200,50,4,28,10,50,42
488de.png,200,50,8,53,11,73,45
488de.png,200,50,8,75,11,96,49
488de.png,200,50,d,96,9,120,46
488de.png,200,50,e,120,18,141,44
bdg84.png,200,50,b,29,10,50,45
bdg84.png,200,50,d,50,9,73,46
bdg84.png,200,50,g,74,16,96,50
bdg84.png,200,50,8,96,9,116,44
bdg84.png,200,50,4,116,8,141,43
3d7bd.png,200,50,3,27,12,49,46
3d7bd.png,200,50,d,48,9,70,50
3d7bd.png,200,50,7,70,10,90,50
3d7bd.png,200,50,b,88,9,112,50
3d7bd.png,200,50,d,111,9,136,50
8n4n8.png,200,50,8,30,10,52,42
8n4n8.png,200,50,n,52,18,74,46
8n4n8.png,200,50,4,73,13,94,46
8n4n8.png,200,50,n,94,16,116,47
8n4n8.png,200,50,8,115,12,137,45
3bnfnd.png,200,50,3,29,11,49,46
3bnfnd.png,200,50,b,49,10,73,47
3bnfnd.png,200,50,f,72,9,93,47
3bnfnd.png,200,50,n,93,9,113,50
3bnfnd.png,200,50,d,112,8,140,49
23mdg.png,200,50,2,30,10,52,46
23mdg.png,200,50,3,51,13,69,46
23mdg.png,200,50,m,68,16,92,48
23mdg.png,200,50,d,91,8,115,48
23mdg.png,200,50,g,114,16,136,50
7w67m.png,200,50,7,31,11,50,43
7w67m.png,200,50,w,45,19,71,46
7w67m.png,200,50,6,73,13,95,46
7w67m.png,200,50,7,96,9,117,45
7w67m.png,200,50,m,114,19,152,46
c4bny.png,200,50,c,27,17,48,43
c4bny.png,200,50,4,47,14,69,46
c4bny.png,200,50,b,70,9,92,45
c4bny.png,200,50,n,93,18,113,47
c4bny.png,200,50,y,112,20,134,50
d3c8y.png,200,50,d,27,10,53,44
d3c8y.png,200,50,3,52,12,71,45
d3c8y.png,200,50,c,71,17,91,48
d3c8y.png,200,50,8,90,9,113,46
d3c8y.png,200,50,y,112,19,134,50
d7nn3.png,200,50,d,28,9,51,44
d7nn3.png,200,50,7,53,10,74,45
d7nn3.png,200,50,n,73,18,92,46
d7nn3.png,200,50,n,93,19,115,44
d7nn3.png,200,50,3,115,13,134,45
6e6pn.png,200,50,6,29,10,50,43
6e6pn.png,200,50,e,50,20,71,46
6e6pn.png,200,50,6,72,13,93,50
6e6pn.png,200,50,p,94,19,116,50
6e6pn.png,200,50,n,116,19,138,46
2w4y7.png,200,50,2,29,11,49,47
2w4y7.png,200,50,w,47,17,78,50
2w4y7.png,200,50,4,79,11,103,50
2w4y7.png,200,50,y,100,14,125,50
2w4y7.png,200,50,7,126,9,153,48
5g5e5.png,200,50,5,31,10,49,47
5g5e5.png,200,50,g,48,19,70,50
5g5e5.png,200,50,5,71,11,90,50
5g5e5.png,200,50,e,90,17,112,50
5g5e5.png,200,50,5,111,11,134,50
3bnyf.png,200,50,3,29,9,50,49
3bnyf.png,200,50,b,49,9,72,50
3bnyf.png,200,50,n,72,14,94,50
3bnyf.png,200,50,y,91,14,115,50
3bnyf.png,200,50,f,116,8,142,48
3n2b4.png,200,50,3,30,11,48,48
3n2b4.png,200,50,n,48,18,70,50
3n2b4.png,200,50,2,69,10,89,50
3n2b4.png,200,50,b,89,10,113,50
3n2b4.png,200,50,4,113,10,138,49
d6fcn.png,200,50,d,27,9,52,46
d6fcn.png,200,50,6,52,9,74,44
d6fcn.png,200,50,f,76,10,98,46
d6fcn.png,200,50,c,95,17,117,45
d6fcn.png,200,50,n,117,19,139,45
cfc2y.png,200,50,c,29,17,50,43
cfc2y.png,200,50,f,49,11,67,45
cfc2y.png,200,50,c,67,18,88,48
cfc2y.png,200,50,2,89,10,110,46
cfc2y.png,200,50,y,108,18,130,50
646x8.png,200,50,6,28,9,51,42
646x8.png,200,50,4,50,9,74,45
646x8.png,200,50,6,73,11,94,46
646x8.png,200,50,x,94,17,117,46
646x8.png,200,50,8,118,9,141,44
5nxnn.png,200,50,5,30,12,48,43
5nxnn.png,200,50,n,48,19,68,46
5nxnn.png,200,50,x,67,18,89,45
5nxnn.png,200,50,n,90,18,111,46
5nxnn.png,200,50,n,112,20,132,46
cfp86.png,200,50,c,28,18,50,43
cfp86.png,200,50,f,49,11,66,46
cfp86.png,200,50,p,66,18,89,50
cfp86.png,200,50,8,91,9,112,44
cfp86.png,200,50,6,113,11,134,45
c3n8x.png,200,50,c,27,18,47,42
c3n8x.png,200,50,3,49,13,66,45
c3n8x.png,200,50,n,68,18,87,46
c3n8x.png,200,50,8,86,12,107,44
c3n8x.png,200,50,x,108,18,129,45
33b22.png,200,50,3,29,9,50,45
33b22.png,200,50,3,49,12,69,46
33b22.png,200,50,b,68,8,90,46
33b22.png,200,50,2,90,11,111,45
33b22.png,200,50,2,110,13,133,46
8eggg.png,200,50,8,30,10,51,44
8eggg.png,200,50,e,52,20,72,44
8eggg.png,200,50,g,72,19,95,50
8eggg.png,200,50,g,95,18,119,50
8eggg.png,200,50,g,119,18,141,50
2npg6.png,200,50,2,30,11,50,47
2npg6.png,200,50,n,49,13,71,50
2npg6.png,200,50,p,68,16,93,50
2npg6.png,200,50,g,91,16,115,50
2npg6.png,200,50,6,113,10,138,50
68wfd.png,200,50,6,28,11,50,45
68wfd.png,200,50,8,50,13,70,46
68wfd.png,200,50,w,69,17,95,46
68wfd.png,200,50,f,94,8,115,45
68wfd.png,200,50,d,112,8,137,47
8w875.png,200,50,8,28,11,50,46
8w875.png,200,50,w,49,17,73,45
8w875.png,200,50,8,74,13,97,46
8w875.png,200,50,7,96,8,117,45
8w875.png,200,50,5,118,9,136,45
6xen4.png,200,50,6,29,11,49,44
6xen4.png,200,50,x,49,18,71,45
6xen4.png,200,50,e,72,20,94,46
6xen4.png,200,50,n,95,18,116,48
6xen4.png,200,50,4,114,12,137,44
8ne4g.png,200,50,8,30,10,53,42
8ne4g.png,200,50,n,52,18,74,46
8ne4g.png,200,50,e,74,19,95,46
8ne4g.png,200,50,4,95,10,116,47
8ne4g.png,200,50,g,115,17,139,50
2g7nm.png,200,50,2,30,10,50,49
2g7nm.png,200,50,g,46,19,71,50
2g7nm.png,200,50,7,71,9,95,49
2g7nm.png,200,50,n,92,15,113,48
2g7nm.png,200,50,m,112,20,150,48
2nf26.png,200,50,2,29,10,51,50
2nf26.png,200,50,n,49,16,72,47
2nf26.png,200,50,f,71,10,93,48
2nf26.png,200,50,2,92,9,111,50
2nf26.png,200,50,6,109,10,131,50
6m5eg.png,200,50,6,29,10,52,43
6m5eg.png,200,50,m,52,19,86,48
6m5eg.png,200,50,5,84,12,105,45
6m5eg.png,200,50,e,104,20,126,48
6m5eg.png,200,50,g,125,18,149,50
byc82.png,200,50,b,29,10,50,44
byc82.png,200,50,y,50,19,71,50
byc82.png,200,50,c,73,19,94,46
byc82.png,200,50,8,96,11,116,43
byc82.png,200,50,2,118,11,138,45
8n65n.png,200,50,8,30,10,52,44
8n65n.png,200,50,n,52,19,74,46
8n65n.png,200,50,6,72,12,96,47
8n65n.png,200,50,5,98,9,116,46
8n65n.png,200,50,n,115,19,137,45
573bn.png,200,50,5,28,10,50,44
573bn.png,200,50,7,51,10,70,46
573bn.png,200,50,3,70,9,88,47
573bn.png,200,50,b,87,9,108,47
573bn.png,200,50,n,109,16,133,46
57wdp.png,200,50,5,31,9,51,43
57wdp.png,200,50,7,51,10,71,46
57wdp.png,200,50,w,69,15,99,47
57wdp.png,200,50,d,100,11,125,50
57wdp.png,200,50,p,124,15,148,50
8npd5.png,200,50,8,28,11,50,44
8npd5.png,200,50,n,50,20,71,45
8npd5.png,200,50,p,70,17,93,50
8npd5.png,200,50,d,93,10,116,46
8npd5.png,200,50,5,117,9,138,45
5n728.png,200,50,5,32,10,49,46
5n728.png,200,50,n,48,19,69,47
5n728.png,200,50,7,69,11,90,47
5n728.png,200,50,2,89,9,110,50
5n728.png,200,50,8,111,12,133,47
68x48.png,200,50,6,28,10,50,44
68x48.png,200,50,8,50,14,71,46
68x48.png,200,50,x,70,16,94,46
68x48.png,200,50,4,94,11,119,46
68x48.png,200,50,8,118,10,139,44
6n6gg.png,200,50,6,28,10,51,43
6n6gg.png,200,50,n,52,20,73,46
6n6gg.png,200,50,6,72,13,93,46
6n6gg.png,200,50,g,93,17,115,50
6n6gg.png,200,50,g,115,18,137,50
8gf7n.png,200,50,8,28,10,50,45
8gf7n.png,200,50,g,50,17,72,50
8gf7n.png,200,50,f,74,11,95,45
8gf7n.png,200,50,7,95,10,114,44
8gf7n.png,200,50,n,111,19,135,45
6b46g.png,200,50,6,28,10,51,42
6b46g.png,200,50,b,52,11,76,46
6b46g.png,200,50,4,75,11,98,50
6b46g.png,200,50,6,97,11,119,46
6b46g.png,200,50,g,120,18,142,50
4cn7b.png,200,50,4,29,9,52,50
4cn7b.png,200,50,c,52,18,71,50
4cn7b.png,200,50,n,71,17,92,48
4cn7b.png,200,50,7,93,8,114,50
4cn7b.png,200,50,b,112,8,136,50
bp2d4.png,200,50,b,29,9,50,44
bp2d4.png,200,50,p,51,19,75,50
bp2d4.png,200,50,2,76,11,96,49
bp2d4.png,200,50,d,96,11,116,46
bp2d4.png,200,50,4,116,12,138,44
78eec.png,200,50,7,28,11,50,43
78eec.png,200,50,8,49,12,70,45
78eec.png,200,50,e,70,16,93,46
78eec.png,200,50,e,91,17,115,45
78eec.png,200,50,c,114,18,138,46
7pn5g.png,200,50,7,30,9,52,44
7pn5g.png,200,50,p,49,20,73,50
7pn5g.png,200,50,n,71,18,93,49
7pn5g.png,200,50,5,93,10,113,44
7pn5g.png,200,50,g,112,19,135,50
573d8.png,200,50,5,29,10,49,44
573d8.png,200,50,7,49,11,68,46
573d8.png,200,50,3,69,11,85,44
573d8.png,200,50,d,85,8,108,47
573d8.png,200,50,8,109,13,130,46
c8fxy.png,200,50,c,29,15,50,45
c8fxy.png,200,50,8,51,13,73,47
c8fxy.png,200,50,f,72,11,89,50
c8fxy.png,200,50,x,91,17,113,47
c8fxy.png,200,50,y,113,18,136,50
dbfen.png,200,50,d,28,9,52,44
dbfen.png,200,50,b,52,10,74,46
dbfen.png,200,50,f,75,10,96,47
dbfen.png,200,50,e,95,19,117,46
dbfen.png,200,50,n,116,18,140,45
53wb8.png,200,50,5,29,9,51,44
53wb8.png,200,50,3,49,12,68,46
53wb8.png,200,50,w,68,14,98,47
53wb8.png,200,50,b,100,7,125,46
53wb8.png,200,50,8,124,10,147,44
cg5dd.png,200,50,c,28,17,49,44
cg5dd.png,200,50,g,50,19,73,50
cg5dd.png,200,50,5,73,11,91,47
cg5dd.png,200,50,d,90,9,113,46
cg5dd.png,200,50,d,113,8,135,46
3ndxd.png,200,50,3,29,12,49,45
3ndxd.png,200,50,n,48,17,68,49
3ndxd.png,200,50,d,69,11,90,50
3ndxd.png,200,50,x,89,15,111,50
3ndxd.png,200,50,d,111,8,140,50
b28g8.png,200,50,b,28,9,53,44
b28g8.png,200,50,2,53,11,72,46
b28g8.png,200,50,8,72,11,91,46
b28g8.png,200,50,g,93,15,115,50
b28g8.png,200,50,8,115,11,137,46
2356g.png,200,50,2,28,8,51,44
2356g.png,200,50,3,51,12,70,45
2356g.png,200,50,5,71,10,90,47
2356g.png,200,50,6,90,7,111,45
2356g.png,200,50,g,111,18,134,50
8cm46.png,200,50,8,28,11,50,43
8cm46.png,200,50,c,50,17,70,44
8cm46.png,200,50,m,70,17,94,46
8cm46.png,200,50,4,93,10,114,45
8cm46.png,200,50,6,115,10,139,44
25p2m.png,200,50,2,29,10,52,46
25p2m.png,200,50,5,52,11,71,46
25p2m.png,200,50,p,70,16,93,50
25p2m.png,200,50,2,92,9,112,45
25p2m.png,200,50,m,111,18,145,44
bgb48.png,200,50,b,29,9,52,44
bgb48.png,200,50,g,53,18,73,50
bgb48.png,200,50,b,74,8,96,43
bgb48.png,200,50,4,97,9,121,45
bgb48.png,200,50,8,121,9,142,42
bw5ym.png,200,50,b,29,9,50,44
bw5ym.png,200,50,w,50,19,73,45
bw5ym.png,200,50,5,78,11,97,50
bw5ym.png,200,50,y,95,19,116,50
bw5ym.png,200,50,m,119,18,143,46
3xcgg.png,200,50,3,30,11,48,50
3xcgg.png,200,50,x,48,17,69,50
3xcgg.png,200,50,c,70,18,92,50
3xcgg.png,200,50,g,91,18,113,50
3xcgg.png,200,50,g,114,18,140,50
785n4.png,200,50,7,30,10,52,43
785n4.png,200,50,8,50,14,71,44
785n4.png,200,50,5,73,10,92,45
785n4.png,200,50,n,90,19,111,45
785n4.png,200,50,4,111,10,134,44
7xd5m.png,200,50,7,30,10,49,44
7xd5m.png,200,50,x,47,19,70,45
7xd5m.png,200,50,d,70,11,94,46
7xd5m.png,200,50,5,93,10,113,43
7xd5m.png,200,50,m,112,20,135,45
b3xpn.png,200,50,b,28,9,52,45
b3xpn.png,200,50,3,52,11,72,45
b3xpn.png,200,50,x,71,16,92,46
b3xpn.png,200,50,p,93,17,117,50
b3xpn.png,200,50,n,117,17,139,46
d4ppy.png,200,50,d,28,8,52,44
d4ppy.png,200,50,4,52,9,76,45
d4ppy.png,200,50,p,75,16,98,50
d4ppy.png,200,50,p,97,17,120,50
d4ppy.png,200,50,y,119,17,141,50
6c3p5.png,200,50,6,29,11,49,44
6c3p5.png,200,50,c,50,19,72,44
6c3p5.png,200,50,3,71,12,90,47
6c3p5.png,200,50,p,90,17,114,50
6c3p5.png,200,50,5,115,10,135,47
d4n82.png,200,50,d,28,10,52,44
d4n82.png,200,50,4,52,12,71,44
d4n82.png,200,50,n,72,16,94,47
d4n82.png,200,50,8,94,10,116,44
d4n82.png,200,50,2,115,9,137,47
2g783.png,200,50,2,28,11,51,44
2g783.png,200,50,g,46,18,70,50
2g783.png,200,50,7,69,9,94,50
2g783.png,200,50,8,92,7,115,47
2g783.png,200,50,3,113,10,137,46
67dey.png,200,50,6,28,9,52,43
67dey.png,200,50,7,54,9,75,46
67dey.png,200,50,d,70,8,96,50
67dey.png,200,50,e,94,17,115,48
67dey.png,200,50,y,115,17,139,50
6p7gx.png,200,50,6,28,9,50,43
6p7gx.png,200,50,p,50,19,73,50
6p7gx.png,200,50,7,73,10,94,47
6p7gx.png,200,50,g,93,16,116,50
6p7gx.png,200,50,x,115,18,136,46
ddcdd.png,200,50,d,28,9,51,45
ddcdd.png,200,50,d,51,9,73,45
ddcdd.png,200,50,c,74,20,93,45
ddcdd.png,200,50,d,94,11,118,45
ddcdd.png,200,50,d,118,8,142,44
c8n8c.png,200,50,c,28,15,49,47
c8n8c.png,200,50,8,50,12,70,46
c8n8c.png,200,50,n,71,16,92,46
c8n8c.png,200,50,8,91,10,112,43
c8n8c.png,200,50,c,111,20,133,45
c43b4.png,200,50,c,29,17,50,43
c43b4.png,200,50,4,49,10,73,44
c43b4.png,200,50,3,73,10,91,47
c43b4.png,200,50,b,92,9,114,44
c43b4.png,200,50,4,113,8,138,43
5bg8f.png,200,50,5,29,11,48,48
5bg8f.png,200,50,b,48,11,70,50
5bg8f.png,200,50,g,69,18,92,50
5bg8f.png,200,50,8,92,11,114,48
5bg8f.png,200,50,f,115,9,138,50
8pfxx.png,200,50,8,29,10,53,43
8pfxx.png,200,50,p,52,19,76,50
8pfxx.png,200,50,f,76,10,99,50
8pfxx.png,200,50,x,95,15,120,50
8pfxx.png,200,50,x,119,16,142,50
6g45w.png,200,50,6,29,10,50,44
6g45w.png,200,50,g,50,18,72,50
6g45w.png,200,50,4,71,12,94,48
6g45w.png,200,50,5,95,10,114,47
6g45w.png,200,50,w,112,18,136,48
d22y5.png,200,50,d,27,9,51,44
d22y5.png,200,50,2,52,12,71,45
d22y5.png,200,50,2,71,10,91,47
d22y5.png,200,50,y,91,18,113,50
d22y5.png,200,50,5,116,10,136,46
cpe63.png,200,50,c,28,16,48,44
cpe63.png,200,50,p,47,20,69,50
cpe63.png,200,50,e,68,18,90,47
cpe63.png,200,50,6,91,8,114,42
cpe63.png,200,50,3,113,11,134,45
5xd2e.png,200,50,5,32,11,50,43
5xd2e.png,200,50,x,48,19,69,45
5xd2e.png,200,50,d,72,12,95,47
5xd2e.png,200,50,2,96,10,115,48
5xd2e.png,200,50,e,114,19,135,46
d8dce.png,200,50,d,27,10,51,43
d8dce.png,200,50,8,54,11,74,45
d8dce.png,200,50,d,74,10,97,46
d8dce.png,200,50,c,98,18,119,46
d8dce.png,200,50,e,120,19,141,44
7dwx4.png,200,50,7,30,10,52,46
7dwx4.png,200,50,d,51,9,72,44
7dwx4.png,200,50,w,70,17,93,47
7dwx4.png,200,50,x,95,17,120,46
7dwx4.png,200,50,4,121,10,146,45
8d2nd.png,200,50,8,27,11,50,43
8d2nd.png,200,50,d,50,9,72,46
8d2nd.png,200,50,2,73,11,92,47
8d2nd.png,200,50,n,92,16,114,45
8d2nd.png,200,50,d,112,8,134,45
4ycex.png,200,50,4,28,10,50,48
4ycex.png,200,50,y,50,18,72,50
4ycex.png,200,50,c,72,18,94,50
4ycex.png,200,50,e,93,17,115,49
4ycex.png,200,50,x,114,16,137,50
55w5c.png,200,50,5,31,10,50,42
55w5c.png,200,50,5,51,11,69,45
55w5c.png,200,50,w,65,18,91,45
55w5c.png,200,50,5,94,9,113,43
55w5c.png,200,50,c,111,19,132,46
b4d7c.png,200,50,b,29,9,50,45
b4d7c.png,200,50,4,52,12,71,45
b4d7c.png,200,50,d,73,10,96,46
b4d7c.png,200,50,7,98,10,116,44
b4d7c.png,200,50,c,113,17,135,47
6n443.png,200,50,6,28,11,50,43
6n443.png,200,50,n,50,19,71,46
6n443.png,200,50,4,70,12,90,46
6n443.png,200,50,4,91,9,113,44
6n443.png,200,50,3,114,13,134,46
4f8yp.png,200,50,4,28,10,49,46
4f8yp.png,200,50,f,53,9,74,46
4f8yp.png,200,50,8,74,10,96,50
4f8yp.png,200,50,y,95,17,116,50
4f8yp.png,200,50,p,118,17,143,50
4gycb.png,200,50,4,29,11,50,50
4gycb.png,200,50,g,49,19,72,50
4gycb.png,200,50,y,72,19,95,50
4gycb.png,200,50,c,96,18,117,50
4gycb.png,200,50,b,117,12,142,50
56m6y.png,200,50,5,31,10,48,43
56m6y.png,200,50,6,49,9,71,46
56m6y.png,200,50,m,70,16,105,46
56m6y.png,200,50,6,103,12,126,48
56m6y.png,200,50,y,124,18,147,50
325fb.png,200,50,3,28,10,49,44
325fb.png,200,50,2,49,12,70,46
325fb.png,200,50,5,69,9,90,44
325fb.png,200,50,f,88,7,108,45
325fb.png,200,50,b,109,9,131,47
3w2bw.png,200,50,3,29,11,49,50
3w2bw.png,200,50,w,47,18,78,50
3w2bw.png,200,50,2,81,12,103,47
3w2bw.png,200,50,b,101,8,123,50
3w2bw.png,200,50,w,121,19,148,50
78dw6.jpg,200,50,7,30,12,51,44
78dw6.jpg,200,50,8,48,12,70,46
78dw6.jpg,200,50,d,71,10,92,47
78dw6.jpg,200,50,w,91,18,118,44
78dw6.jpg,200,50,6,117,10,139,44
4433m.png,200,50,4,29,11,52,44
4433m.png,200,50,4,52,11,73,44
4433m.png,200,50,3,75,11,95,45
4433m.png,200,50,3,95,10,112,44
4433m.png,200,50,m,113,18,137,46
33ng4.png,200,50,3,30,9,50,44
33ng4.png,200,50,3,51,12,70,46
33ng4.png,200,50,n,70,16,90,49
33ng4.png,200,50,g,88,15,112,50
33ng4.png,200,50,4,112,12,133,49
b2g8e.png,200,50,b,28,9,53,43
b2g8e.png,200,50,2,53,10,73,45
b2g8e.png,200,50,g,73,17,96,50
b2g8e.png,200,50,8,96,9,117,43
b2g8e.png,200,50,e,117,18,139,45
6fgdw.png,200,50,6,29,10,50,43
6fgdw.png,200,50,f,50,11,67,47
6fgdw.png,200,50,g,68,18,90,50
6fgdw.png,200,50,d,91,8,111,46
6fgdw.png,200,50,w,110,18,134,47
6xpme.png,200,50,6,29,9,52,44
6xpme.png,200,50,x,51,18,73,45
6xpme.png,200,50,p,74,18,98,50
6xpme.png,200,50,m,98,17,132,50
6xpme.png,200,50,e,132,18,153,45
8n2pg.png,200,50,8,29,11,51,42
8n2pg.png,200,50,n,51,17,73,46
8n2pg.png,200,50,2,72,10,95,47
8n2pg.png,200,50,p,93,17,115,50
8n2pg.png,200,50,g,114,18,138,50
cnwyc.png,200,50,c,28,15,50,45
cnwyc.png,200,50,n,50,19,71,46
cnwyc.png,200,50,w,70,16,101,46
cnwyc.png,200,50,y,103,18,127,50
cnwyc.png,200,50,c,126,16,147,46
3dgmf.png,200,50,3,29,10,50,50
3dgmf.png,200,50,d,50,9,72,50
3dgmf.png,200,50,g,72,17,94,50
3dgmf.png,200,50,m,95,16,130,50
3dgmf.png,200,50,f,127,10,147,48
8n34n.png,200,50,8,30,11,52,44
8n34n.png,200,50,n,52,20,73,46
8n34n.png,200,50,3,73,11,92,46
8n34n.png,200,50,4,90,9,112,46
8n34n.png,200,50,n,113,20,138,45
88y52.png,200,50,8,29,11,50,43
88y52.png,200,50,8,52,11,73,45
88y52.png,200,50,y,72,17,97,50
88y52.png,200,50,5,98,8,118,44
88y52.png,200,50,2,117,9,138,46
44fyb.png,200,50,4,28,9,52,45
44fyb.png,200,50,4,52,9,76,44
44fyb.png,200,50,f,75,9,92,48
44fyb.png,200,50,y,91,18,115,50
44fyb.png,200,50,b,116,11,139,46
5bb66.png,200,50,5,30,11,48,45
5bb66.png,200,50,b,49,11,70,50
5bb66.png,200,50,b,70,9,94,50
5bb66.png,200,50,6,94,9,116,50
5bb66.png,200,50,6,116,11,138,50
bgd4m.png,200,50,b,29,10,50,45
bgd4m.png,200,50,g,51,18,74,50
bgd4m.png,200,50,d,73,11,95,47
bgd4m.png,200,50,4,94,11,115,46
bgd4m.png,200,50,m,116,17,140,45
537nf.png,200,50,5,31,9,50,42
537nf.png,200,50,3,49,13,68,46
537nf.png,200,50,7,69,9,91,45
537nf.png,200,50,n,89,16,111,46
537nf.png,200,50,f,110,9,135,47
bm3p8.png,200,50,b,29,10,50,44
bm3p8.png,200,50,m,50,19,74,45
bm3p8.png,200,50,3,74,11,92,45
bm3p8.png,200,50,p,93,18,117,50
bm3p8.png,200,50,8,117,11,139,44
6gnm3.png,200,50,6,29,11,49,44
6gnm3.png,200,50,g,49,19,72,50
6gnm3.png,200,50,n,73,19,93,46
6gnm3.png,200,50,m,92,18,117,46
6gnm3.png,200,50,3,115,14,137,45
76n7p.png,200,50,7,29,10,52,43
76n7p.png,200,50,6,49,10,71,47
76n7p.png,200,50,n,71,16,93,46
76n7p.png,200,50,7,93,10,114,49
76n7p.png,200,50,p,111,20,134,50
2pfpn.png,200,50,2,30,9,51,47
2pfpn.png,200,50,p,49,17,72,50
2pfpn.png,200,50,f,71,10,90,49
2pfpn.png,200,50,p,88,15,113,50
2pfpn.png,200,50,n,112,18,139,48
bw5nf.png,200,50,b,29,11,52,43
bw5nf.png,200,50,w,52,17,81,45
bw5nf.png,200,50,5,87,10,104,48
bw5nf.png,200,50,n,104,18,127,46
bw5nf.png,200,50,f,127,8,148,43
728n8.png,200,50,7,30,9,50,43
728n8.png,200,50,2,50,12,68,46
728n8.png,200,50,8,68,11,88,46
728n8.png,200,50,n,89,16,112,45
728n8.png,200,50,8,112,11,135,45
6mn8n.png,200,50,6,28,10,51,42
6mn8n.png,200,50,m,51,19,74,44
6mn8n.png,200,50,n,74,19,95,46
6mn8n.png,200,50,8,94,11,116,43
6mn8n.png,200,50,n,116,20,137,46
3x5fm.png,200,50,3,29,11,50,50
3x5fm.png,200,50,x,48,17,69,50
3x5fm.png,200,50,5,70,10,93,49
3x5fm.png,200,50,f,92,7,114,50
3x5fm.png,200,50,m,111,17,136,50
3c7de.jpg,200,50,3,29,11,48,49
3c7de.jpg,200,50,c,48,18,70,48
3c7de.jpg,200,50,7,69,10,90,50
3c7de.jpg,200,50,d,87,6,110,50
3c7de.jpg,200,50,e,109,20,134,50
4n2yg.png,200,50,4,30,10,53,50
4n2yg.png,200,50,n,52,18,74,50
4n2yg.png,200,50,2,73,12,94,50
4n2yg.png,200,50,y,92,17,113,50
4n2yg.png,200,50,g,114,17,138,50
2nx38.png,200,50,2,30,11,51,50
2nx38.png,200,50,n,48,16,70,50
2nx38.png,200,50,x,67,15,90,50
2nx38.png,200,50,3,90,10,114,50
2nx38.png,200,50,8,112,9,135,47
264m5.png,200,50,2,28,9,52,44
264m5.png,200,50,6,50,10,72,45
264m5.png,200,50,4,70,10,91,46
264m5.png,200,50,m,91,15,128,47
264m5.png,200,50,5,127,10,147,43
2p2y8.png,200,50,2,28,10,51,47
2p2y8.png,200,50,p,50,18,74,50
2p2y8.png,200,50,2,73,10,94,50
2p2y8.png,200,50,y,92,14,116,50
2p2y8.png,200,50,8,115,9,142,48
574d7.png,200,50,5,30,11,49,44
574d7.png,200,50,7,50,10,71,46
574d7.png,200,50,4,67,10,89,46
574d7.png,200,50,d,91,8,113,45
574d7.png,200,50,7,114,10,134,46
4d22m.png,200,50,4,28,9,51,50
4d22m.png,200,50,d,51,9,73,50
4d22m.png,200,50,2,73,10,95,50
4d22m.png,200,50,2,94,8,116,50
4d22m.png,200,50,m,113,18,148,49
32cnn.png,200,50,3,29,10,51,43
32cnn.png,200,50,2,50,11,70,48
32cnn.png,200,50,c,68,16,90,46
32cnn.png,200,50,n,89,15,111,45
32cnn.png,200,50,n,110,18,133,47
2ycn8.png,200,50,2,29,10,51,50
2ycn8.png,200,50,y,49,17,72,50
2ycn8.png,200,50,c,73,18,96,50
2ycn8.png,200,50,n,94,17,118,50
2ycn8.png,200,50,8,115,12,139,50
b5fm7.png,200,50,b,28,10,51,44
b5fm7.png,200,50,5,51,11,71,45
b5fm7.png,200,50,f,70,9,87,45
b5fm7.png,200,50,m,86,17,111,45
b5fm7.png,200,50,7,112,10,134,46
bcwnn.png,200,50,b,26,10,52,44
bcwnn.png,200,50,c,51,17,72,44
bcwnn.png,200,50,w,71,18,94,47
bcwnn.png,200,50,n,96,18,118,48
bcwnn.png,200,50,n,118,18,140,45
34b84.png,200,50,3,28,11,49,43
34b84.png,200,50,4,49,11,71,46
34b84.png,200,50,b,71,9,93,47
34b84.png,200,50,8,93,9,114,46
34b84.png,200,50,4,114,7,139,46
4nnf3.png,200,50,4,28,8,49,46
4nnf3.png,200,50,n,51,17,71,47
4nnf3.png,200,50,n,71,16,92,49
4nnf3.png,200,50,f,90,6,108,49
4nnf3.png,200,50,3,109,12,130,46
7cdge.png,200,50,7,31,10,51,44
7cdge.png,200,50,c,48,19,69,46
7cdge.png,200,50,d,69,11,91,47
7cdge.png,200,50,g,90,17,114,50
7cdge.png,200,50,e,114,18,137,50
